Workbook

Sheet INICIO
A1: VENDA GERAL 2026
A3: RENAN | E3: LUINE
A4: CLIENTE | B4: VALOR DE COMPRA TOTAL | C4: COMISSÃO | E4: CLIENTE | F4: VALOR DE COMPRA TOTAL | G4: COMISSÃO
A5: + BAZAR | B5: ='+ BAZAR'!G92 -> 0 | C5: ='+ BAZAR'!H93 -> 0 | E5: JHAMBA LE COOK | F5: ='JHAMBA LE COOK'!G92 -> 0 | G5: ='JHAMBA LE COOK'!H93 -> 0
A6: 2H VARIEDADES | B6: ='2H VARIEDADES'!G92 -> 0 | C6: ='2H VARIEDADES'!H93 -> 0 | E6: POESY AVIAMENTOS 0001-37 | F6: ='POESY AVIAMENTOS 0001-37'!G92 -> 0 | G6: ='POESY AVIAMENTOS 0001-37'!H93 -> 0
A7: ALJATEC ELETRICA | B7: =ALJATEC!G92 -> 0 | C7: =ALJATEC!H93 -> 0 | E7: POESY AVIAMENTOS 0001-83 | F7: ='POESY AVIAMENTOS 0001-83'!G92 -> 0 | G7: ='POESY AVIAMENTOS 0001-83'!H93 -> 0
A8: AMEI COMERCIO | B8: ='AMEI COMERCIO'!G92 -> 0 | C8: ='AMEI COMERCIO'!H93 -> 0 | E8: MKS COMERCIO | F8: ='MKS COMERCIO'!G92 -> 0 | G8: ='MKS COMERCIO'!H93 -> 0
A9: BELLA FIFI | B9: ='BELL FIFI'!G92 -> 0 | C9: ='BELL FIFI'!H93 -> 0
A10: CASA MIMO | B10: ='CASA MIMO'!G92 -> 0 | C10: ='CASA MIMO'!H93 -> 0
A11: CELL SOLLUTION | B11: ='CELL SOLLUTIONS'!G98 -> 0 | C11: ='CELL SOLLUTIONS'!H99 -> 0
A12: COMERCIAL BRAS RAIMUNDO | B12: ='COM. BRAS RAIMUNDO'!G92 -> 0 | C12: ='COM. BRAS RAIMUNDO'!H93 -> 0
A13: COMERCIAL MARTINS E MARTINS | B13: ='COM. MARTINS E MARTINS'!G92 -> 0 | C13: ='COM. MARTINS E MARTINS'!H93 -> 0
A14: COMERCIAL RONDONIA | B14: ='COMERCIAL RONDONIA'!G92 -> 0 | C14: ='COMERCIAL RONDONIA'!H93 -> 0
A15: C R DOS SANTOS | B15: ='C R DOS SANTOS'!G92 -> 0 | C15: ='C R DOS SANTOS'!H93 -> 0
A16: CRIS KING BIJU | B16: ='CRIS KING BIJU'!G92 -> 0 | C16: ='CRIS KING BIJU'!H93 -> 0
A17: CRIS MODAS TUPÃ | B17: ='CRIS MODAS'!G92 -> 0 | C17: ='CRIS MODAS'!H93 -> 0
A18: DECAZZA COM | B18: ='DECAZZA COM'!G92 -> 0 | C18: ='DECAZZA COM'!H93 -> 0
A19: DF COMERCIO | B19: ='DF COMERCIO'!G92 -> 0 | C19: ='DF COMERCIO'!H93 -> 0
A20: D.TSIANG | B20: =D.TSIANG!G92 -> 0 | C20: =D.TSIANG!H93 -> 0
A21: DELL REI | B21: ='DELL REI'!G92 -> 0 | C21: ='DELL REI'!H93 -> 0
A22: DISTRIBUIDORA GOMES LISBOA | B22: ='DISTR. GOMES LISBOA'!G92 -> 0 | C22: ='DISTR. GOMES LISBOA'!H93 -> 0
A23: EMBALEME COMERCIO | B23: ='EMBALEME COMERCIO'!G92 -> 0 | C23: ='EMBALEME COMERCIO'!H93 -> 0
A24: ERICA SHIRLEY | B24: ='ERICA SHIRLEY'!G92 -> 0 | C24: ='ERICA SHIRLEY'!H93 -> 0
A25: EVELINY MARIA | B25: ='EVELINY MARIA'!G92 -> 0 | C25: ='EVELINY MARIA'!H93 -> 0
A26: ELINETE JARDIM | B26: ='ELINETE JARDIM'!G92 -> 0 | C26: ='ELINETE JARDIM'!H93 -> 0
A27: FEST SHOW | B27: ='FEST SHOW'!G92 -> 0 | C27: ='FEST SHOW'!H93 -> 0
A28: FLAMBOYAN | B28: ='FLAMBOYAN '!G131 -> 0 | C28: ='FLAMBOYAN '!H132 -> 0
A29: FLAVIA COMERCIO | B29: ='FLÁVIA COMERCIO'!G92 -> 0 | C29: ='FLÁVIA COMERCIO'!H93 -> 0
A30: FLAP KIDS | B30: ='FLAP KIDS'!G92 -> 0 | C30: ='FLAP KIDS'!H93 -> 0
A31: FRANK PAPELARIA | B31: ='FRANK PAPELARIA'!G92 -> 0 | C31: ='FRANK PAPELARIA'!H93 -> 0
A32: GETULIO LIRA | B32: ='GETULIO LIRA'!G92 -> 0 | C32: ='GETULIO LIRA'!H93 -> 0
A33: GIULIANA CHRISTIELLE | B33: ='GIULIANA CHRISTIELLE'!G92 -> 0 | C33: ='GIULIANA CHRISTIELLE'!H93 -> 0
A34: IPED INSTITUTO | B34: =IPED!G92 -> 0 | C34: =IPED!H93 -> 0
A35: IVANETE JATAI | B35: ='IVANETE JATAI'!G92 -> 0 | C35: ='IVANETE JATAI'!H93 -> 0
A36: JANDERRUBEM | B36: =JANDERRUBEM!G92 -> 0 | C36: =JANDERRUBEM!H93 -> 0
A37: JANE STER(EDAC) | B37: ='JANE STER'!G92 -> 0 | C37: ='JANE STER'!H93 -> 0
A38: J L A HUNCA ME | B38: ='J L A HUNCA'!G92 -> 0 | C38: ='J L A HUNCA'!H93 -> 0
A39: KMRG | B39: =KMRG!G92 -> 0 | C39: =KMRG!H93 -> 0
A40: L. SOUZA MARTINS | B40: ='L. SOUZA'!G92 -> 0 | C40: ='L. SOUZA'!H93 -> 0
A41: LACORDAIRE TELES | B41: ='LACORDAIRE TELES'!G92 -> 0 | C41: ='LACORDAIRE TELES'!H93 -> 0
A42: LOJÃO CASA SILVA | B42: ='LOJÃO CASA SILVA'!G92 -> 0 | C42: ='LOJÃO CASA SILVA'!H93 -> 0
A43: LOJAS MARIA | B43: ='LOJAS MARIA'!G92 -> 0 | C43: ='LOJAS MARIA'!H93 -> 0
A44: MAIS QUE MAKE AÇAILANDIA | B44: ='MAIS QUE MAKE AÇAILANDIA'!G92 -> 0 | C44: ='MAIS QUE MAKE AÇAILANDIA'!H93 -> 0
A45: MAIS QUE MAKE ALTA FLORESTA | B45: ='MAIS QUE MAKE ALTA FLORESTA'!G92 -> 0 | C45: ='MAIS QUE MAKE ALTA FLORESTA'!H93 -> 0
A46: MAIS QUE MAKE ALTAMIRA | B46: ='MAIS QUE MAKE ALTAMIRA'!G92 -> 0 | C46: ='MAIS QUE MAKE ALTAMIRA'!H93 -> 0
A47: MAIS QUE MAKE ARAGUAINA | B47: ='MAIS QUE MAKE ARAGUAINA'!G92 -> 0 | C47: ='MAIS QUE MAKE ARAGUAINA'!H93 -> 0
A48: MAIS QUE MAKE BALSAS | B48: ='MAIS QUE MAKE BALSAS'!G92 -> 0 | C48: ='MAIS QUE MAKE BALSAS'!H93 -> 0
A49: MAIS QUE MAKE BURITICUPU | B49: ='MAIS QUE MAKE BURITICUPU'!G92 -> 0 | C49: ='MAIS QUE MAKE BURITICUPU'!H93 -> 0
A50: MAIS QUE MAKE IMPERATRIZ | B50: ='MAIS QUE MAKE IMPERATRIZ '!G92 -> 0 | C50: ='MAIS QUE MAKE IMPERATRIZ '!H93 -> 0
A51: MAIS QUE MAKE IMPERATRIZ AT | B51: ='MAIS QUE MAKE IMPERATRIZ AT'!G92 -> 0 | C51: ='MAIS QUE MAKE IMPERATRIZ AT'!H93 -> 0
A52: MAIS QUE MAKE ITAITUBA | B52: ='MAIS QUE MAKE ITAITUBA'!G92 -> 0 | C52: ='MAIS QUE MAKE ITAITUBA'!H93 -> 0
A53: MAIS QUE MAKE MARABÁ | B53: ='MAIS QUE MAKE MARABÁ'!G92 -> 0 | C53: ='MAIS QUE MAKE MARABÁ'!H93 -> 0
A54: MAIS QUE MAKE PARAUPEBAS AT | B54: ='MAIS QUE MAKE PARAUPEBAS'!G92 -> 0 | C54: ='MAIS QUE MAKE PARAUPEBAS AT'!H93 -> 0
A55: MAIS QUE MAKE PARAUPEBAS | B55: ='MAIS QUE MAKE PARAUPEBAS AT'!G92 -> 0 | C55: ='MAIS QUE MAKE PARAUPEBAS'!H93 -> 0
A56: MAIS QUE MAKE SANTAREM | B56: ='MAIS QUE MAKE SANTAREM '!G92 -> 0 | C56: ='MAIS QUE MAKE SANTAREM '!H93 -> 0
A57: MAIS QUE MAKE SANTAREM BIJU | B57: ='MAIS QUE MAKE SANTAREM BIJU'!G92 -> 0 | C57: ='MAIS QUE MAKE SANTAREM BIJU'!H93 -> 0
A58: MAIS QUE MAKE SÃO LUIS | B58: ='MAIS QUE MAKE SÃO LUIS'!G92 -> 0 | C58: ='MAIS QUE MAKE SÃO LUIS'!H93 -> 0
A59: MAIS QUE MAKE VARZEA GRANDE | B59: ='MAIS QUE MAKE VARZEA GRANDE'!G92 -> 0 | C59: ='MAIS QUE MAKE VARZEA GRANDE'!H93 -> 0
A60: MARIA DO PERPETUO SOCORRO (LOERENA) | B60: ='MARIA DO PERPETUO SOCOORO'!G92 -> 0 | C60: ='MARIA DO PERPETUO SOCOORO'!H93 -> 0
A61: MRC 8 | B61: ='MRC8'!G92 -> 0 | C61: ='MRC8'!H93 -> 0
A62: NAVIO SERVIÇOS | B62: ='NAVIO SERVIÇOS'!G92 -> 0 | C62: ='NAVIO SERVIÇOS'!H93 -> 0
A63: PINK GLAMOUR | B63: ='PINK GLAMOUR'!G92 -> 0 | C63: ='PINK GLAMOUR'!H93 -> 0
A64: RAPPY TOYS | B64: ='RAPPY TOYS'!G92 -> 0 | C64: ='RAPPY TOYS'!H93 -> 0
A65: REALZÃO IMP. | B65: ='REALZÃO IMP'!G92 -> 0 | C65: ='REALZÃO IMP'!H93 -> 0
A66: REALZÃO IMP. MONICA | B66: ='REALZÃO MONICA'!G92 -> 0 | C66: ='REALZÃO MONICA'!H93 -> 0
A67: SAMUAH | B67: =SAMUAH!G92 -> 0 | C67: =SAMUAH!H93 -> 0
A68: SKR BEZERRA | B68: ='SKR BEZERRA'!G92 -> 0 | C68: ='SKR BEZERRA'!H93 -> 0
A69: SMART BUY | B69: ='SMART BUY'!G92 -> 0 | C69: ='SMART BUY'!H93 -> 0
A70: SUPERMERCADO RODRIGUES (Angelica) | B70: ='SUPERMERCADO RODRIGUES'!G92 -> 0 | C70: ='SUPERMERCADO RODRIGUES'!H93 -> 0
A71: SUPER PART | B71: ='SUPER PART'!G92 -> 0 | C71: ='SUPER PART'!H93 -> 0
A72: TATIANE VEGAS | B72: ='TATIANE VEGAS'!G92 -> 0 | C72: ='TATIANE VEGAS'!H93 -> 0
A73: V DOS SANTOS | B73: ='V DOS SANTOS'!G92 -> 0 | C73: ='V DOS SANTOS'!H93 -> 0
A74: VALDIRENE DOS SANTOS | B74: ='VALDIRENE DOS SANTOS'!G92 -> 0 | C74: ='VALDIRENE DOS SANTOS'!H93 -> 0
A75: VERENA VAREJISTA | B75: ='VERENA VAREJISTA'!G92 -> 0 | C75: ='VERENA VAREJISTA'!H93 -> 0
A76: W SU | B76: ='W SU'!G92 -> 0 | C76: ='W SU'!H93 -> 0
A77: WRA IMPORT | B77: =WRA!G92 -> 0 | C77: =WRA!H93 -> 0
A78: W. CHUNMEI LTDA | B78: =W.CHUNMEI!G92 -> 0 | C78: =W.CHUNMEI!H93 -> 0
A79: W. LIMA | B79: =W.LIMA!G92 -> 0 | C79: =W.LIMA!H93 -> 0
A86: TOTAL | B86: =SUM(B5:B85) -> 0 | C86: =SUM(C5:C85) -> 0 | E86: TOTAL | F86: =SUM(F5:F85) -> 0 | G86: =SUM(G5:G85) -> 0
C90: TOTAL | D90: =B86+F86 -> 0 | F90: =C86+G86 -> 0

Sheet C R DOS SANTOS
A1: Data | C1: Fornecedor | D1: Pedido | E1: NFE | F1: Valor | H1: Comissão
A2: Compra | F2: Compra | H2: =G3*5% -> 0
A3: Faturamento | F3: Faturamento
J4: VOLTAR
A5: Compra | F5: Compra | H5: =G6*5% -> 0
A6: Faturamento | F6: Faturamento
A8: Compra | F8: Compra | H8: =G9*5% -> 0
A9: Faturamento | F9: Faturamento
A11: Compra | F11: Compra | H11: =G12*5% -> 0
A12: Faturamento | F12: Faturamento
A14: Compra | F14: Compra | H14: =G15*5% -> 0
A15: Faturamento | F15: Faturamento
A17: Compra | F17: Compra | H17: =G18*5% -> 0
A18: Faturamento | F18: Faturamento
A20: Compra | F20: Compra | H20: =G21*5% -> 0
A21: Faturamento | F21: Faturamento
A23: Compra | F23: Compra | H23: =G24*5% -> 0
A24: Faturamento | F24: Faturamento
A26: Compra | F26: Compra | H26: =G27*5% -> 0
A27: Faturamento | F27: Faturamento
A29: Compra | F29: Compra | H29: =G30*5% -> 0
A30: Faturamento | F30: Faturamento
A32: Compra | F32: Compra | H32: =G33*5% -> 0
A33: Faturamento | F33: Faturamento
A35: Compra | F35: Compra | H35: =G36*5% -> 0
A36: Faturamento | F36: Faturamento
A38: Compra | F38: Compra | H38: =G39*5% -> 0
A39: Faturamento | F39: Faturamento
A41: Compra | F41: Compra | H41: =G42*5% -> 0
A42: Faturamento | F42: Faturamento
A44: Compra | F44: Compra | H44: =G45*5% -> 0
A45: Faturamento | F45: Faturamento
A47: Compra | F47: Compra | H47: =G48*5% -> 0
A48: Faturamento | F48: Faturamento
A50: Compra | F50: Compra | H50: =G51*5% -> 0
A51: Faturamento | F51: Faturamento
A53: Compra | F53: Compra | H53: =G54*5% -> 0
A54: Faturamento | F54: Faturamento
A56: Compra | F56: Compra | H56: =G57*5% -> 0
A57: Faturamento | F57: Faturamento
A59: Compra | F59: Compra | H59: =G60*5% -> 0
A60: Faturamento | F60: Faturamento
A62: Compra | F62: Compra | H62: =G63*5% -> 0
A63: Faturamento | F63: Faturamento
A65: Compra | F65: Compra | H65: =G66*5% -> 0
A66: Faturamento | F66: Faturamento
A68: Compra | F68: Compra | H68: =G69*5% -> 0
A69: Faturamento | F69: Faturamento
A71: Compra | F71: Compra | H71: =G72*5% -> 0
A72: Faturamento | F72: Faturamento
A74: Compra | F74: Compra | H74: =G75*5% -> 0
A75: Faturamento | F75: Faturamento
A77: Compra | F77: Compra | H77: =G78*5% -> 0
A78: Faturamento | F78: Faturamento
A80: Compra | F80: Compra | H80: =G81*5% -> 0
A81: Faturamento | F81: Faturamento
A83: Compra | F83: Compra | H83: =G84*5% -> 0
A84: Faturamento | F84: Faturamento
A86: Compra | F86: Compra | H86: =G87*5% -> 0
A87: Faturamento | F87: Faturamento
A89: Compra | F89: Compra | H89: =G90*5% -> 0
A90: Faturamento | F90: Faturamento
F92: TOTAL VENDA | G92: =SUM(G90,G87,G84,G81,G78,G75,G72,G69,G66,G63,G60,G57,G54,G51,G48,G45,G42,G39,G36,G33,G30,G27,G24,G21,G18,G15,G12,G9,G6,G3) -> 0 | H92: TOTAL COMISSÃO
H93: =H2+H5+H8+H11+H14+H17+H20+H23+H26+H29+H32+H35+H38+H41+H44+H47+H50+H53+H56+H59+H62+H65+H68+H71+H74+H77+H80+H83+H86+H89 -> 0

Sheet POESY AVIAMENTOS 0001-83
A1: Data | C1: Fornecedor | D1: Pedido | E1: NFE | F1: Valor | H1: Comissão
A2: Compra | F2: Compra | H2: =G3*6.88% -> 0
A3: Faturamento | F3: Faturamento
J4: VOLTAR
A5: Compra | F5: Compra | H5: =G6*5% -> 0
A6: Faturamento | F6: Faturamento
A8: Compra | F8: Compra | H8: =G9*5% -> 0
A9: Faturamento | F9: Faturamento
A11: Compra | F11: Compra | H11: =G12*5% -> 0
A12: Faturamento | F12: Faturamento
A14: Compra | F14: Compra | H14: =G15*5% -> 0
A15: Faturamento | F15: Faturamento
A17: Compra | F17: Compra | H17: =G18*5% -> 0
A18: Faturamento | F18: Faturamento
A20: Compra | F20: Compra | H20: =G21*5% -> 0
A21: Faturamento | F21: Faturamento
A23: Compra | F23: Compra | H23: =G24*5% -> 0
A24: Faturamento | F24: Faturamento
A26: Compra | F26: Compra | H26: =G27*5% -> 0
A27: Faturamento | F27: Faturamento
A29: Compra | F29: Compra | H29: =G30*5% -> 0
A30: Faturamento | F30: Faturamento
A32: Compra | F32: Compra | H32: =G33*5% -> 0
A33: Faturamento | F33: Faturamento
A35: Compra | F35: Compra | H35: =G36*5% -> 0
A36: Faturamento | F36: Faturamento
A38: Compra | F38: Compra | H38: =G39*5% -> 0
A39: Faturamento | F39: Faturamento
A41: Compra | F41: Compra | H41: =G42*5% -> 0
A42: Faturamento | F42: Faturamento
A44: Compra | F44: Compra | H44: =G45*5% -> 0
A45: Faturamento | F45: Faturamento
A47: Compra | F47: Compra | H47: =G48*5% -> 0
A48: Faturamento | F48: Faturamento
A50: Compra | F50: Compra | H50: =G51*5% -> 0
A51: Faturamento | F51: Faturamento
A53: Compra | F53: Compra | H53: =G54*5% -> 0
A54: Faturamento | F54: Faturamento
A56: Compra | F56: Compra | H56: =G57*5% -> 0
A57: Faturamento | F57: Faturamento
A59: Compra | F59: Compra | H59: =G60*5% -> 0
A60: Faturamento | F60: Faturamento
A62: Compra | F62: Compra | H62: =G63*5% -> 0
A63: Faturamento | F63: Faturamento
A65: Compra | F65: Compra | H65: =G66*5% -> 0
A66: Faturamento | F66: Faturamento
A68: Compra | F68: Compra | H68: =G69*5% -> 0
A69: Faturamento | F69: Faturamento
A71: Compra | F71: Compra | H71: =G72*5% -> 0
A72: Faturamento | F72: Faturamento
A74: Compra | F74: Compra | H74: =G75*5% -> 0
A75: Faturamento | F75: Faturamento
A77: Compra | F77: Compra | H77: =G78*5% -> 0
A78: Faturamento | F78: Faturamento
A80: Compra | F80: Compra | H80: =G81*5% -> 0
A81: Faturamento | F81: Faturamento
A83: Compra | F83: Compra | H83: =G84*5% -> 0
A84: Faturamento | F84: Faturamento
A86: Compra | F86: Compra | H86: =G87*5% -> 0
A87: Faturamento | F87: Faturamento
A89: Compra | F89: Compra | H89: =G90*5% -> 0
A90: Faturamento | F90: Faturamento
F92: TOTAL VENDA | G92: =SUM(G90,G87,G84,G81,G78,G75,G72,G69,G66,G63,G60,G57,G54,G51,G48,G45,G42,G39,G36,G33,G30,G27,G24,G21,G18,G15,G12,G9,G6,G3) -> 0 | H92: TOTAL COMISSÃO
H93: =H2+H5+H8+H11+H14+H17+H20+H23+H26+H29+H32+H35+H38+H41+H44+H47+H50+H53+H56+H59+H62+H65+H68+H71+H74+H77+H80+H83+H86+H89 -> 0

Sheet POESY AVIAMENTOS 0001-37
A1: Data | C1: Fornecedor | D1: Pedido | E1: NFE | F1: Valor | H1: Comissão
A2: Compra | F2: Compra | H2: =G3*5% -> 0
A3: Faturamento | F3: Faturamento
J4: VOLTAR
A5: Compra | F5: Compra | H5: =G6*5% -> 0
A6: Faturamento | F6: Faturamento
A8: Compra | F8: Compra | H8: =G9*4% -> 0
A9: Faturamento | F9: Faturamento
A11: Compra | F11: Compra | H11: =G12*5% -> 0
A12: Faturamento | F12: Faturamento
A14: Compra | F14: Compra | H14: =G15*5% -> 0
A15: Faturamento | F15: Faturamento
A17: Compra | F17: Compra | H17: =G18*5% -> 0
A18: Faturamento | F18: Faturamento
A20: Compra | F20: Compra | H20: =G21*5% -> 0
A21: Faturamento | F21: Faturamento
A23: Compra | F23: Compra | H23: =G24*5% -> 0
A24: Faturamento | F24: Faturamento
A26: Compra | F26: Compra | H26: =G27*5% -> 0
A27: Faturamento | F27: Faturamento
A29: Compra | F29: Compra | H29: =G30*5% -> 0
A30: Faturamento | F30: Faturamento
A32: Compra | F32: Compra | H32: =G33*5% -> 0
A33: Faturamento | F33: Faturamento
A35: Compra | F35: Compra | H35: =G36*5% -> 0
A36: Faturamento | F36: Faturamento
A38: Compra | F38: Compra | H38: =G39*5% -> 0
A39: Faturamento | F39: Faturamento
A41: Compra | F41: Compra | H41: =G42*5% -> 0
A42: Faturamento | F42: Faturamento
A44: Compra | F44: Compra | H44: =G45*5% -> 0
A45: Faturamento | F45: Faturamento
A47: Compra | F47: Compra | H47: =G48*5% -> 0
A48: Faturamento | F48: Faturamento
A50: Compra | F50: Compra | H50: =G51*5% -> 0
A51: Faturamento | F51: Faturamento
A53: Compra | F53: Compra | H53: =G54*5% -> 0
A54: Faturamento | F54: Faturamento
A56: Compra | F56: Compra | H56: =G57*5% -> 0
A57: Faturamento | F57: Faturamento
A59: Compra | F59: Compra | H59: =G60*5% -> 0
A60: Faturamento | F60: Faturamento
A62: Compra | F62: Compra | H62: =G63*5% -> 0
A63: Faturamento | F63: Faturamento
A65: Compra | F65: Compra | H65: =G66*5% -> 0
A66: Faturamento | F66: Faturamento
A68: Compra | F68: Compra | H68: =G69*5% -> 0
A69: Faturamento | F69: Faturamento
A71: Compra | F71: Compra | H71: =G72*5% -> 0
A72: Faturamento | F72: Faturamento
A74: Compra | F74: Compra | H74: =G75*5% -> 0
A75: Faturamento | F75: Faturamento
A77: Compra | F77: Compra | H77: =G78*5% -> 0
A78: Faturamento | F78: Faturamento
A80: Compra | F80: Compra | H80: =G81*5% -> 0
A81: Faturamento | F81: Faturamento
A83: Compra | F83: Compra | H83: =G84*5% -> 0
A84: Faturamento | F84: Faturamento
A86: Compra | F86: Compra | H86: =G87*5% -> 0
A87: Faturamento | F87: Faturamento
A89: Compra | F89: Compra | H89: =G90*5% -> 0
A90: Faturamento | F90: Faturamento
F92: TOTAL VENDA | G92: =SUM(G90,G87,G84,G81,G78,G75,G72,G69,G66,G63,G60,G57,G54,G51,G48,G45,G42,G39,G36,G33,G30,G27,G24,G21,G18,G15,G12,G9,G6,G3) -> 0 | H92: TOTAL COMISSÃO
H93: =H2+H5+H8+H11+H14+H17+H20+H23+H26+H29+H32+H35+H38+H41+H44+H47+H50+H53+H56+H59+H62+H65+H68+H71+H74+H77+H80+H83+H86+H89 -> 0

Sheet L. SOUZA
A1: Data | C1: Fornecedor | D1: Pedido | E1: NFE | F1: Valor | H1: Comissão
A2: Compra | F2: Compra | H2: =G3*5% -> 0
A3: Faturamento | F3: Faturamento
J4: VOLTAR
A5: Compra | F5: Compra | H5: =G6*5% -> 0
A6: Faturamento | F6: Faturamento
A8: Compra | F8: Compra | H8: =G9*4% -> 0
A9: Faturamento | F9: Faturamento
A11: Compra | F11: Compra | H11: =G12*5% -> 0
A12: Faturamento | F12: Faturamento
A14: Compra | F14: Compra | H14: =G15*5% -> 0
A15: Faturamento | F15: Faturamento
A17: Compra | F17: Compra | H17: =G18*5% -> 0
A18: Faturamento | F18: Faturamento
A20: Compra | F20: Compra | H20: =G21*5% -> 0
A21: Faturamento | F21: Faturamento
A23: Compra | F23: Compra | H23: =G24*5% -> 0
A24: Faturamento | F24: Faturamento
A26: Compra | F26: Compra | H26: =G27*5% -> 0
A27: Faturamento | F27: Faturamento
A29: Compra | F29: Compra | H29: =G30*5% -> 0
A30: Faturamento | F30: Faturamento
A32: Compra | F32: Compra | H32: =G33*5% -> 0
A33: Faturamento | F33: Faturamento
A35: Compra | F35: Compra | H35: =G36*5% -> 0
A36: Faturamento | F36: Faturamento
A38: Compra | F38: Compra | H38: =G39*5% -> 0
A39: Faturamento | F39: Faturamento
A41: Compra | F41: Compra | H41: =G42*5% -> 0
A42: Faturamento | F42: Faturamento
A44: Compra | F44: Compra | H44: =G45*5% -> 0
A45: Faturamento | F45: Faturamento
A47: Compra | F47: Compra | H47: =G48*5% -> 0
A48: Faturamento | F48: Faturamento
A50: Compra | F50: Compra | H50: =G51*5% -> 0
A51: Faturamento | F51: Faturamento
A53: Compra | F53: Compra | H53: =G54*5% -> 0
A54: Faturamento | F54: Faturamento
A56: Compra | F56: Compra | H56: =G57*5% -> 0
A57: Faturamento | F57: Faturamento
A59: Compra | F59: Compra | H59: =G60*5% -> 0
A60: Faturamento | F60: Faturamento
A62: Compra | F62: Compra | H62: =G63*5% -> 0
A63: Faturamento | F63: Faturamento
A65: Compra | F65: Compra | H65: =G66*5% -> 0
A66: Faturamento | F66: Faturamento
A68: Compra | F68: Compra | H68: =G69*5% -> 0
A69: Faturamento | F69: Faturamento
A71: Compra | F71: Compra | H71: =G72*5% -> 0
A72: Faturamento | F72: Faturamento
A74: Compra | F74: Compra | H74: =G75*5% -> 0
A75: Faturamento | F75: Faturamento
A77: Compra | F77: Compra | H77: =G78*5% -> 0
A78: Faturamento | F78: Faturamento
A80: Compra | F80: Compra | H80: =G81*5% -> 0
A81: Faturamento | F81: Faturamento
A83: Compra | F83: Compra | H83: =G84*5% -> 0
A84: Faturamento | F84: Faturamento
A86: Compra | F86: Compra | H86: =G87*5% -> 0
A87: Faturamento | F87: Faturamento
A89: Compra | F89: Compra | H89: =G90*5% -> 0
A90: Faturamento | F90: Faturamento
F92: TOTAL VENDA | G92: =SUM(G90,G87,G84,G81,G78,G75,G72,G69,G66,G63,G60,G57,G54,G51,G48,G45,G42,G39,G36,G33,G30,G27,G24,G21,G18,G15,G12,G9,G6,G3) -> 0 | H92: TOTAL COMISSÃO
H93: =H2+H5+H8+H11+H14+H17+H20+H23+H26+H29+H32+H35+H38+H41+H44+H47+H50+H53+H56+H59+H62+H65+H68+H71+H74+H77+H80+H83+H86+H89 -> 0

Sheet JHAMBA LE COOK
A1: Data | C1: Fornecedor | D1: Pedido | E1: NFE | F1: Valor | H1: Comissão
A2: Compra | F2: Compra | H2: =G3*1.6% -> 0
A3: Faturamento | F3: Faturamento
J4: VOLTAR
A5: Compra | F5: Compra | H5: =G6*5% -> 0
A6: Faturamento | F6: Faturamento
A8: Compra | F8: Compra | H8: =G9*4% -> 0
A9: Faturamento | F9: Faturamento
A11: Compra | F11: Compra | H11: =G12*5% -> 0
A12: Faturamento | F12: Faturamento
A14: Compra | F14: Compra | H14: =G15*5% -> 0
A15: Faturamento | F15: Faturamento
A17: Compra | F17: Compra | H17: =G18*5% -> 0
A18: Faturamento | F18: Faturamento
A20: Compra | F20: Compra | H20: =G21*5% -> 0
A21: Faturamento | F21: Faturamento
A23: Compra | F23: Compra | H23: =G24*5% -> 0
A24: Faturamento | F24: Faturamento
A26: Compra | F26: Compra | H26: =G27*5% -> 0
A27: Faturamento | F27: Faturamento
A29: Compra | F29: Compra | H29: =G30*5% -> 0
A30: Faturamento | F30: Faturamento
A32: Compra | F32: Compra | H32: =G33*5% -> 0
A33: Faturamento | F33: Faturamento
A35: Compra | F35: Compra | H35: =G36*5% -> 0
A36: Faturamento | F36: Faturamento
A38: Compra | F38: Compra | H38: =G39*5% -> 0
A39: Faturamento | F39: Faturamento
A41: Compra | F41: Compra | H41: =G42*5% -> 0
A42: Faturamento | F42: Faturamento
A44: Compra | F44: Compra | H44: =G45*5% -> 0
A45: Faturamento | F45: Faturamento
A47: Compra | F47: Compra | H47: =G48*5% -> 0
A48: Faturamento | F48: Faturamento
A50: Compra | F50: Compra | H50: =G51*5% -> 0
A51: Faturamento | F51: Faturamento
A53: Compra | F53: Compra | H53: =G54*5% -> 0
A54: Faturamento | F54: Faturamento
A56: Compra | F56: Compra | H56: =G57*5% -> 0
A57: Faturamento | F57: Faturamento
A59: Compra | F59: Compra | H59: =G60*5% -> 0
A60: Faturamento | F60: Faturamento
A62: Compra | F62: Compra | H62: =G63*5% -> 0
A63: Faturamento | F63: Faturamento
A65: Compra | F65: Compra | H65: =G66*5% -> 0
A66: Faturamento | F66: Faturamento
A68: Compra | F68: Compra | H68: =G69*5% -> 0
A69: Faturamento | F69: Faturamento
A71: Compra | F71: Compra | H71: =G72*5% -> 0
A72: Faturamento | F72: Faturamento
A74: Compra | F74: Compra | H74: =G75*5% -> 0
A75: Faturamento | F75: Faturamento
A77: Compra | F77: Compra | H77: =G78*5% -> 0
A78: Faturamento | F78: Faturamento
A80: Compra | F80: Compra | H80: =G81*5% -> 0
A81: Faturamento | F81: Faturamento
A83: Compra | F83: Compra | H83: =G84*5% -> 0
A84: Faturamento | F84: Faturamento
A86: Compra | F86: Compra | H86: =G87*5% -> 0
A87: Faturamento | F87: Faturamento
A89: Compra | F89: Compra | H89: =G90*5% -> 0
A90: Faturamento | F90: Faturamento
F92: TOTAL VENDA | G92: =SUM(G90,G87,G84,G81,G78,G75,G72,G69,G66,G63,G60,G57,G54,G51,G48,G45,G42,G39,G36,G33,G30,G27,G24,G21,G18,G15,G12,G9,G6,G3) -> 0 | H92: TOTAL COMISSÃO
H93: =H2+H5+H8+H11+H14+H17+H20+H23+H26+H29+H32+H35+H38+H41+H44+H47+H50+H53+H56+H59+H62+H65+H68+H71+H74+H77+H80+H83+H86+H89 -> 0

Sheet ELINETE JARDIM
A1: Data | C1: Fornecedor | D1: Pedido | E1: NFE | F1: Valor | H1: Comissão
A2: Compra | F2: Compra | H2: =G3*5% -> 0
A3: Faturamento | F3: Faturamento
J4: VOLTAR
A5: Compra | F5: Compra | H5: =G6*5% -> 0
A6: Faturamento | F6: Faturamento
A8: Compra | F8: Compra | H8: =G9*4% -> 0
A9: Faturamento | F9: Faturamento
A11: Compra | F11: Compra | H11: =G12*5% -> 0
A12: Faturamento | F12: Faturamento
A14: Compra | F14: Compra | H14: =G15*5% -> 0
A15: Faturamento | F15: Faturamento
A17: Compra | F17: Compra | H17: =G18*5% -> 0
A18: Faturamento | F18: Faturamento
A20: Compra | F20: Compra | H20: =G21*5% -> 0
A21: Faturamento | F21: Faturamento
A23: Compra | F23: Compra | H23: =G24*5% -> 0
A24: Faturamento | F24: Faturamento
A26: Compra | F26: Compra | H26: =G27*5% -> 0
A27: Faturamento | F27: Faturamento
A29: Compra | F29: Compra | H29: =G30*5% -> 0
A30: Faturamento | F30: Faturamento
A32: Compra | F32: Compra | H32: =G33*5% -> 0
A33: Faturamento | F33: Faturamento
A35: Compra | F35: Compra | H35: =G36*5% -> 0
A36: Faturamento | F36: Faturamento
A38: Compra | F38: Compra | H38: =G39*5% -> 0
A39: Faturamento | F39: Faturamento
A41: Compra | F41: Compra | H41: =G42*5% -> 0
A42: Faturamento | F42: Faturamento
A44: Compra | F44: Compra | H44: =G45*5% -> 0
A45: Faturamento | F45: Faturamento
A47: Compra | F47: Compra | H47: =G48*5% -> 0
A48: Faturamento | F48: Faturamento
A50: Compra | F50: Compra | H50: =G51*5% -> 0
A51: Faturamento | F51: Faturamento
A53: Compra | F53: Compra | H53: =G54*5% -> 0
A54: Faturamento | F54: Faturamento
A56: Compra | F56: Compra | H56: =G57*5% -> 0
A57: Faturamento | F57: Faturamento
A59: Compra | F59: Compra | H59: =G60*5% -> 0
A60: Faturamento | F60: Faturamento
A62: Compra | F62: Compra | H62: =G63*5% -> 0
A63: Faturamento | F63: Faturamento
A65: Compra | F65: Compra | H65: =G66*5% -> 0
A66: Faturamento | F66: Faturamento
A68: Compra | F68: Compra | H68: =G69*5% -> 0
A69: Faturamento | F69: Faturamento
A71: Compra | F71: Compra | H71: =G72*5% -> 0
A72: Faturamento | F72: Faturamento
A74: Compra | F74: Compra | H74: =G75*5% -> 0
A75: Faturamento | F75: Faturamento
A77: Compra | F77: Compra | H77: =G78*5% -> 0
A78: Faturamento | F78: Faturamento
A80: Compra | F80: Compra | H80: =G81*5% -> 0
A81: Faturamento | F81: Faturamento
A83: Compra | F83: Compra | H83: =G84*5% -> 0
A84: Faturamento | F84: Faturamento
A86: Compra | F86: Compra | H86: =G87*5% -> 0
A87: Faturamento | F87: Faturamento
A89: Compra | F89: Compra | H89: =G90*5% -> 0
A90: Faturamento | F90: Faturamento
F92: TOTAL VENDA | G92: =SUM(G90,G87,G84,G81,G78,G75,G72,G69,G66,G63,G60,G57,G54,G51,G48,G45,G42,G39,G36,G33,G30,G27,G24,G21,G18,G15,G12,G9,G6,G3) -> 0 | H92: TOTAL COMISSÃO
H93: =H2+H5+H8+H11+H14+H17+H20+H23+H26+H29+H32+H35+H38+H41+H44+H47+H50+H53+H56+H59+H62+H65+H68+H71+H74+H77+H80+H83+H86+H89 -> 0

Sheet SAMUAH
A1: Data | C1: Fornecedor | D1: Pedido | E1: NFE | F1: Valor | H1: Comissão
A2: Compra | F2: Compra | H2: =G3*5% -> 0
A3: Faturamento | F3: Faturamento
J4: VOLTAR
A5: Compra | F5: Compra | H5: =G6*5% -> 0
A6: Faturamento | F6: Faturamento
A8: Compra | F8: Compra | H8: =G9*4% -> 0
A9: Faturamento | F9: Faturamento
A11: Compra | F11: Compra | H11: =G12*5% -> 0
A12: Faturamento | F12: Faturamento
A14: Compra | F14: Compra | H14: =G15*5% -> 0
A15: Faturamento | F15: Faturamento
A17: Compra | F17: Compra | H17: =G18*5% -> 0
A18: Faturamento | F18: Faturamento
A20: Compra | F20: Compra | H20: =G21*5% -> 0
A21: Faturamento | F21: Faturamento
A23: Compra | F23: Compra | H23: =G24*5% -> 0
A24: Faturamento | F24: Faturamento
A26: Compra | F26: Compra | H26: =G27*5% -> 0
A27: Faturamento | F27: Faturamento
A29: Compra | F29: Compra | H29: =G30*5% -> 0
A30: Faturamento | F30: Faturamento
A32: Compra | F32: Compra | H32: =G33*5% -> 0
A33: Faturamento | F33: Faturamento
A35: Compra | F35: Compra | H35: =G36*5% -> 0
A36: Faturamento | F36: Faturamento
A38: Compra | F38: Compra | H38: =G39*5% -> 0
A39: Faturamento | F39: Faturamento
A41: Compra | F41: Compra | H41: =G42*5% -> 0
A42: Faturamento | F42: Faturamento
A44: Compra | F44: Compra | H44: =G45*5% -> 0
A45: Faturamento | F45: Faturamento
A47: Compra | F47: Compra | H47: =G48*5% -> 0
A48: Faturamento | F48: Faturamento
A50: Compra | F50: Compra | H50: =G51*5% -> 0
A51: Faturamento | F51: Faturamento
A53: Compra | F53: Compra | H53: =G54*5% -> 0
A54: Faturamento | F54: Faturamento
A56: Compra | F56: Compra | H56: =G57*5% -> 0
A57: Faturamento | F57: Faturamento
A59: Compra | F59: Compra | H59: =G60*5% -> 0
A60: Faturamento | F60: Faturamento
A62: Compra | F62: Compra | H62: =G63*5% -> 0
A63: Faturamento | F63: Faturamento
A65: Compra | F65: Compra | H65: =G66*5% -> 0
A66: Faturamento | F66: Faturamento
A68: Compra | F68: Compra | H68: =G69*5% -> 0
A69: Faturamento | F69: Faturamento
A71: Compra | F71: Compra | H71: =G72*5% -> 0
A72: Faturamento | F72: Faturamento
A74: Compra | F74: Compra | H74: =G75*5% -> 0
A75: Faturamento | F75: Faturamento
A77: Compra | F77: Compra | H77: =G78*5% -> 0
A78: Faturamento | F78: Faturamento
A80: Compra | F80: Compra | H80: =G81*5% -> 0
A81: Faturamento | F81: Faturamento
A83: Compra | F83: Compra | H83: =G84*5% -> 0
A84: Faturamento | F84: Faturamento
A86: Compra | F86: Compra | H86: =G87*5% -> 0
A87: Faturamento | F87: Faturamento
A89: Compra | F89: Compra | H89: =G90*5% -> 0
A90: Faturamento | F90: Faturamento
F92: TOTAL VENDA | G92: =SUM(G90,G87,G84,G81,G78,G75,G72,G69,G66,G63,G60,G57,G54,G51,G48,G45,G42,G39,G36,G33,G30,G27,G24,G21,G18,G15,G12,G9,G6,G3) -> 0 | H92: TOTAL COMISSÃO
H93: =H2+H5+H8+H11+H14+H17+H20+H23+H26+H29+H32+H35+H38+H41+H44+H47+H50+H53+H56+H59+H62+H65+H68+H71+H74+H77+H80+H83+H86+H89 -> 0

Sheet VALDIRENE DOS SANTOS
A1: Data | C1: Fornecedor | D1: Pedido | E1: NFE | F1: Valor | H1: Comissão
A2: Compra | F2: Compra | H2: =G3*5% -> 0
A3: Faturamento | F3: Faturamento
J4: VOLTAR
A5: Compra | F5: Compra | H5: =G6*5% -> 0
A6: Faturamento | F6: Faturamento
A8: Compra | F8: Compra | H8: =G9*4% -> 0
A9: Faturamento | F9: Faturamento
A11: Compra | F11: Compra | H11: =G12*5% -> 0
A12: Faturamento | F12: Faturamento
A14: Compra | F14: Compra | H14: =G15*5% -> 0
A15: Faturamento | F15: Faturamento
A17: Compra | F17: Compra | H17: =G18*5% -> 0
A18: Faturamento | F18: Faturamento
A20: Compra | F20: Compra | H20: =G21*5% -> 0
A21: Faturamento | F21: Faturamento
A23: Compra | F23: Compra | H23: =G24*5% -> 0
A24: Faturamento | F24: Faturamento
A26: Compra | F26: Compra | H26: =G27*5% -> 0
A27: Faturamento | F27: Faturamento
A29: Compra | F29: Compra | H29: =G30*5% -> 0
A30: Faturamento | F30: Faturamento
A32: Compra | F32: Compra | H32: =G33*5% -> 0
A33: Faturamento | F33: Faturamento
A35: Compra | F35: Compra | H35: =G36*5% -> 0
A36: Faturamento | F36: Faturamento
A38: Compra | F38: Compra | H38: =G39*5% -> 0
A39: Faturamento | F39: Faturamento
A41: Compra | F41: Compra | H41: =G42*5% -> 0
A42: Faturamento | F42: Faturamento
A44: Compra | F44: Compra | H44: =G45*5% -> 0
A45: Faturamento | F45: Faturamento
A47: Compra | F47: Compra | H47: =G48*5% -> 0
A48: Faturamento | F48: Faturamento
A50: Compra | F50: Compra | H50: =G51*5% -> 0
A51: Faturamento | F51: Faturamento
A53: Compra | F53: Compra | H53: =G54*5% -> 0
A54: Faturamento | F54: Faturamento
A56: Compra | F56: Compra | H56: =G57*5% -> 0
A57: Faturamento | F57: Faturamento
A59: Compra | F59: Compra | H59: =G60*5% -> 0
A60: Faturamento | F60: Faturamento
A62: Compra | F62: Compra | H62: =G63*5% -> 0
A63: Faturamento | F63: Faturamento
A65: Compra | F65: Compra | H65: =G66*5% -> 0
A66: Faturamento | F66: Faturamento
A68: Compra | F68: Compra | H68: =G69*5% -> 0
A69: Faturamento | F69: Faturamento
A71: Compra | F71: Compra | H71: =G72*5% -> 0
A72: Faturamento | F72: Faturamento
A74: Compra | F74: Compra | H74: =G75*5% -> 0
A75: Faturamento | F75: Faturamento
A77: Compra | F77: Compra | H77: =G78*5% -> 0
A78: Faturamento | F78: Faturamento
A80: Compra | F80: Compra | H80: =G81*5% -> 0
A81: Faturamento | F81: Faturamento
A83: Compra | F83: Compra | H83: =G84*5% -> 0
A84: Faturamento | F84: Faturamento
A86: Compra | F86: Compra | H86: =G87*5% -> 0
A87: Faturamento | F87: Faturamento
A89: Compra | F89: Compra | H89: =G90*5% -> 0
A90: Faturamento | F90: Faturamento
F92: TOTAL VENDA | G92: =SUM(G90,G87,G84,G81,G78,G75,G72,G69,G66,G63,G60,G57,G54,G51,G48,G45,G42,G39,G36,G33,G30,G27,G24,G21,G18,G15,G12,G9,G6,G3) -> 0 | H92: TOTAL COMISSÃO
H93: =H2+H5+H8+H11+H14+H17+H20+H23+H26+H29+H32+H35+H38+H41+H44+H47+H50+H53+H56+H59+H62+H65+H68+H71+H74+H77+H80+H83+H86+H89 -> 0

Sheet KMRG
A1: Data | C1: Fornecedor | D1: Pedido | E1: NFE | F1: Valor | H1: Comissão
A2: Compra | F2: Compra | H2: =G3*5% -> 0
A3: Faturamento | F3: Faturamento
J4: VOLTAR
A5: Compra | F5: Compra | H5: =G6*5% -> 0
A6: Faturamento | F6: Faturamento
A8: Compra | F8: Compra | H8: =G9*4% -> 0
A9: Faturamento | F9: Faturamento
A11: Compra | F11: Compra | H11: =G12*5% -> 0
A12: Faturamento | F12: Faturamento
A14: Compra | F14: Compra | H14: =G15*5% -> 0
A15: Faturamento | F15: Faturamento
A17: Compra | F17: Compra | H17: =G18*5% -> 0
A18: Faturamento | F18: Faturamento
A20: Compra | F20: Compra | H20: =G21*5% -> 0
A21: Faturamento | F21: Faturamento
A23: Compra | F23: Compra | H23: =G24*5% -> 0
A24: Faturamento | F24: Faturamento
A26: Compra | F26: Compra | H26: =G27*5% -> 0
A27: Faturamento | F27: Faturamento
A29: Compra | F29: Compra | H29: =G30*5% -> 0
A30: Faturamento | F30: Faturamento
A32: Compra | F32: Compra | H32: =G33*5% -> 0
A33: Faturamento | F33: Faturamento
A35: Compra | F35: Compra | H35: =G36*5% -> 0
A36: Faturamento | F36: Faturamento
A38: Compra | F38: Compra | H38: =G39*5% -> 0
A39: Faturamento | F39: Faturamento
A41: Compra | F41: Compra | H41: =G42*5% -> 0
A42: Faturamento | F42: Faturamento
A44: Compra | F44: Compra | H44: =G45*5% -> 0
A45: Faturamento | F45: Faturamento
A47: Compra | F47: Compra | H47: =G48*5% -> 0
A48: Faturamento | F48: Faturamento
A50: Compra | F50: Compra | H50: =G51*5% -> 0
A51: Faturamento | F51: Faturamento
A53: Compra | F53: Compra | H53: =G54*5% -> 0
A54: Faturamento | F54: Faturamento
A56: Compra | F56: Compra | H56: =G57*5% -> 0
A57: Faturamento | F57: Faturamento
A59: Compra | F59: Compra | H59: =G60*5% -> 0
A60: Faturamento | F60: Faturamento
A62: Compra | F62: Compra | H62: =G63*5% -> 0
A63: Faturamento | F63: Faturamento
A65: Compra | F65: Compra | H65: =G66*5% -> 0
A66: Faturamento | F66: Faturamento
A68: Compra | F68: Compra | H68: =G69*5% -> 0
A69: Faturamento | F69: Faturamento
A71: Compra | F71: Compra | H71: =G72*5% -> 0
A72: Faturamento | F72: Faturamento
A74: Compra | F74: Compra | H74: =G75*5% -> 0
A75: Faturamento | F75: Faturamento
A77: Compra | F77: Compra | H77: =G78*5% -> 0
A78: Faturamento | F78: Faturamento
A80: Compra | F80: Compra | H80: =G81*5% -> 0
A81: Faturamento | F81: Faturamento
A83: Compra | F83: Compra | H83: =G84*5% -> 0
A84: Faturamento | F84: Faturamento
A86: Compra | F86: Compra | H86: =G87*5% -> 0
A87: Faturamento | F87: Faturamento
A89: Compra | F89: Compra | H89: =G90*5% -> 0
A90: Faturamento | F90: Faturamento
F92: TOTAL VENDA | G92: =SUM(G90,G87,G84,G81,G78,G75,G72,G69,G66,G63,G60,G57,G54,G51,G48,G45,G42,G39,G36,G33,G30,G27,G24,G21,G18,G15,G12,G9,G6,G3) -> 0 | H92: TOTAL COMISSÃO
H93: =H2+H5+H8+H11+H14+H17+H20+H23+H26+H29+H32+H35+H38+H41+H44+H47+H50+H53+H56+H59+H62+H65+H68+H71+H74+H77+H80+H83+H86+H89 -> 0

Sheet JANE STER
A1: Data | C1: Fornecedor | D1: Pedido | E1: NFE | F1: Valor | H1: Comissão
A2: Compra | F2: Compra | H2: =G3*5% -> 0
A3: Faturamento | F3: Faturamento
J4: VOLTAR
A5: Compra | F5: Compra | H5: =G6*5% -> 0
A6: Faturamento | F6: Faturamento
A8: Compra | F8: Compra | H8: =G9*4% -> 0
A9: Faturamento | F9: Faturamento
A11: Compra | F11: Compra | H11: =G12*5% -> 0
A12: Faturamento | F12: Faturamento
A14: Compra | F14: Compra | H14: =G15*5% -> 0
A15: Faturamento | F15: Faturamento
A17: Compra | F17: Compra | H17: =G18*5% -> 0
A18: Faturamento | F18: Faturamento
A20: Compra | F20: Compra | H20: =G21*5% -> 0
A21: Faturamento | F21: Faturamento
A23: Compra | F23: Compra | H23: =G24*5% -> 0
A24: Faturamento | F24: Faturamento
A26: Compra | F26: Compra | H26: =G27*5% -> 0
A27: Faturamento | F27: Faturamento
A29: Compra | F29: Compra | H29: =G30*5% -> 0
A30: Faturamento | F30: Faturamento
A32: Compra | F32: Compra | H32: =G33*5% -> 0
A33: Faturamento | F33: Faturamento
A35: Compra | F35: Compra | H35: =G36*5% -> 0
A36: Faturamento | F36: Faturamento
A38: Compra | F38: Compra | H38: =G39*5% -> 0
A39: Faturamento | F39: Faturamento
A41: Compra | F41: Compra | H41: =G42*5% -> 0
A42: Faturamento | F42: Faturamento
A44: Compra | F44: Compra | H44: =G45*5% -> 0
A45: Faturamento | F45: Faturamento
A47: Compra | F47: Compra | H47: =G48*5% -> 0
A48: Faturamento | F48: Faturamento
A50: Compra | F50: Compra | H50: =G51*5% -> 0
A51: Faturamento | F51: Faturamento
A53: Compra | F53: Compra | H53: =G54*5% -> 0
A54: Faturamento | F54: Faturamento
A56: Compra | F56: Compra | H56: =G57*5% -> 0
A57: Faturamento | F57: Faturamento
A59: Compra | F59: Compra | H59: =G60*5% -> 0
A60: Faturamento | F60: Faturamento
A62: Compra | F62: Compra | H62: =G63*5% -> 0
A63: Faturamento | F63: Faturamento
A65: Compra | F65: Compra | H65: =G66*5% -> 0
A66: Faturamento | F66: Faturamento
A68: Compra | F68: Compra | H68: =G69*5% -> 0
A69: Faturamento | F69: Faturamento
A71: Compra | F71: Compra | H71: =G72*5% -> 0
A72: Faturamento | F72: Faturamento
A74: Compra | F74: Compra | H74: =G75*5% -> 0
A75: Faturamento | F75: Faturamento
A77: Compra | F77: Compra | H77: =G78*5% -> 0
A78: Faturamento | F78: Faturamento
A80: Compra | F80: Compra | H80: =G81*5% -> 0
A81: Faturamento | F81: Faturamento
A83: Compra | F83: Compra | H83: =G84*5% -> 0
A84: Faturamento | F84: Faturamento
A86: Compra | F86: Compra | H86: =G87*5% -> 0
A87: Faturamento | F87: Faturamento
A89: Compra | F89: Compra | H89: =G90*5% -> 0
A90: Faturamento | F90: Faturamento
F92: TOTAL VENDA | G92: =SUM(G90,G87,G84,G81,G78,G75,G72,G69,G66,G63,G60,G57,G54,G51,G48,G45,G42,G39,G36,G33,G30,G27,G24,G21,G18,G15,G12,G9,G6,G3) -> 0 | H92: TOTAL COMISSÃO
H93: =H2+H5+H8+H11+H14+H17+H20+H23+H26+H29+H32+H35+H38+H41+H44+H47+H50+H53+H56+H59+H62+H65+H68+H71+H74+H77+H80+H83+H86+H89 -> 0

Sheet D.TSIANG
A1: Data | C1: Fornecedor | D1: Pedido | E1: NFE | F1: Valor | H1: Comissão
A2: Compra | F2: Compra | H2: =G3*5% -> 0
A3: Faturamento | F3: Faturamento
J4: VOLTAR
A5: Compra | F5: Compra | H5: =G6*5% -> 0
A6: Faturamento | F6: Faturamento
A8: Compra | F8: Compra | H8: =G9*4% -> 0
A9: Faturamento | F9: Faturamento
A11: Compra | F11: Compra | H11: =G12*5% -> 0
A12: Faturamento | F12: Faturamento
A14: Compra | F14: Compra | H14: =G15*5% -> 0
A15: Faturamento | F15: Faturamento
A17: Compra | F17: Compra | H17: =G18*5% -> 0
A18: Faturamento | F18: Faturamento
A20: Compra | F20: Compra | H20: =G21*5% -> 0
A21: Faturamento | F21: Faturamento
A23: Compra | F23: Compra | H23: =G24*5% -> 0
A24: Faturamento | F24: Faturamento
A26: Compra | F26: Compra | H26: =G27*5% -> 0
A27: Faturamento | F27: Faturamento
A29: Compra | F29: Compra | H29: =G30*5% -> 0
A30: Faturamento | F30: Faturamento
A32: Compra | F32: Compra | H32: =G33*5% -> 0
A33: Faturamento | F33: Faturamento
A35: Compra | F35: Compra | H35: =G36*5% -> 0
A36: Faturamento | F36: Faturamento
A38: Compra | F38: Compra | H38: =G39*5% -> 0
A39: Faturamento | F39: Faturamento
A41: Compra | F41: Compra | H41: =G42*5% -> 0
A42: Faturamento | F42: Faturamento
A44: Compra | F44: Compra | H44: =G45*5% -> 0
A45: Faturamento | F45: Faturamento
A47: Compra | F47: Compra | H47: =G48*5% -> 0
A48: Faturamento | F48: Faturamento
A50: Compra | F50: Compra | H50: =G51*5% -> 0
A51: Faturamento | F51: Faturamento
A53: Compra | F53: Compra | H53: =G54*5% -> 0
A54: Faturamento | F54: Faturamento
A56: Compra | F56: Compra | H56: =G57*5% -> 0
A57: Faturamento | F57: Faturamento
A59: Compra | F59: Compra | H59: =G60*5% -> 0
A60: Faturamento | F60: Faturamento
A62: Compra | F62: Compra | H62: =G63*5% -> 0
A63: Faturamento | F63: Faturamento
A65: Compra | F65: Compra | H65: =G66*5% -> 0
A66: Faturamento | F66: Faturamento
A68: Compra | F68: Compra | H68: =G69*5% -> 0
A69: Faturamento | F69: Faturamento
A71: Compra | F71: Compra | H71: =G72*5% -> 0
A72: Faturamento | F72: Faturamento
A74: Compra | F74: Compra | H74: =G75*5% -> 0
A75: Faturamento | F75: Faturamento
A77: Compra | F77: Compra | H77: =G78*5% -> 0
A78: Faturamento | F78: Faturamento
A80: Compra | F80: Compra | H80: =G81*5% -> 0
A81: Faturamento | F81: Faturamento
A83: Compra | F83: Compra | H83: =G84*5% -> 0
A84: Faturamento | F84: Faturamento
A86: Compra | F86: Compra | H86: =G87*5% -> 0
A87: Faturamento | F87: Faturamento
A89: Compra | F89: Compra | H89: =G90*5% -> 0
A90: Faturamento | F90: Faturamento
F92: TOTAL VENDA | G92: =SUM(G90,G87,G84,G81,G78,G75,G72,G69,G66,G63,G60,G57,G54,G51,G48,G45,G42,G39,G36,G33,G30,G27,G24,G21,G18,G15,G12,G9,G6,G3) -> 0 | H92: TOTAL COMISSÃO
H93: =H2+H5+H8+H11+H14+H17+H20+H23+H26+H29+H32+H35+H38+H41+H44+H47+H50+H53+H56+H59+H62+H65+H68+H71+H74+H77+H80+H83+H86+H89 -> 0

Sheet REALZÃO IMP
A1: Data | C1: Fornecedor | D1: Pedido | E1: NFE | F1: Valor | H1: Comissão
A2: Compra | F2: Compra | H2: =G3*5% -> 0
A3: Faturamento | F3: Faturamento
J4: VOLTAR
A5: Compra | F5: Compra | H5: =G6*5% -> 0
A6: Faturamento | F6: Faturamento
A8: Compra | F8: Compra | H8: =G9*4% -> 0
A9: Faturamento | F9: Faturamento
A11: Compra | F11: Compra | H11: =G12*5% -> 0
A12: Faturamento | F12: Faturamento
A14: Compra | F14: Compra | H14: =G15*5% -> 0
A15: Faturamento | F15: Faturamento
A17: Compra | F17: Compra | H17: =G18*5% -> 0
A18: Faturamento | F18: Faturamento
A20: Compra | F20: Compra | H20: =G21*5% -> 0
A21: Faturamento | F21: Faturamento
A23: Compra | F23: Compra | H23: =G24*5% -> 0
A24: Faturamento | F24: Faturamento
A26: Compra | F26: Compra | H26: =G27*5% -> 0
A27: Faturamento | F27: Faturamento
A29: Compra | F29: Compra | H29: =G30*5% -> 0
A30: Faturamento | F30: Faturamento
A32: Compra | F32: Compra | H32: =G33*5% -> 0
A33: Faturamento | F33: Faturamento
A35: Compra | F35: Compra | H35: =G36*5% -> 0
A36: Faturamento | F36: Faturamento
A38: Compra | F38: Compra | H38: =G39*5% -> 0
A39: Faturamento | F39: Faturamento
A41: Compra | F41: Compra | H41: =G42*5% -> 0
A42: Faturamento | F42: Faturamento
A44: Compra | F44: Compra | H44: =G45*5% -> 0
A45: Faturamento | F45: Faturamento
A47: Compra | F47: Compra | H47: =G48*5% -> 0
A48: Faturamento | F48: Faturamento
A50: Compra | F50: Compra | H50: =G51*5% -> 0
A51: Faturamento | F51: Faturamento
A53: Compra | F53: Compra | H53: =G54*5% -> 0
A54: Faturamento | F54: Faturamento
A56: Compra | F56: Compra | H56: =G57*5% -> 0
A57: Faturamento | F57: Faturamento
A59: Compra | F59: Compra | H59: =G60*5% -> 0
A60: Faturamento | F60: Faturamento
A62: Compra | F62: Compra | H62: =G63*5% -> 0
A63: Faturamento | F63: Faturamento
A65: Compra | F65: Compra | H65: =G66*5% -> 0
A66: Faturamento | F66: Faturamento
A68: Compra | F68: Compra | H68: =G69*5% -> 0
A69: Faturamento | F69: Faturamento
A71: Compra | F71: Compra | H71: =G72*5% -> 0
A72: Faturamento | F72: Faturamento
A74: Compra | F74: Compra | H74: =G75*5% -> 0
A75: Faturamento | F75: Faturamento
A77: Compra | F77: Compra | H77: =G78*5% -> 0
A78: Faturamento | F78: Faturamento
A80: Compra | F80: Compra | H80: =G81*5% -> 0
A81: Faturamento | F81: Faturamento
A83: Compra | F83: Compra | H83: =G84*5% -> 0
A84: Faturamento | F84: Faturamento
A86: Compra | F86: Compra | H86: =G87*5% -> 0
A87: Faturamento | F87: Faturamento
A89: Compra | F89: Compra | H89: =G90*5% -> 0
A90: Faturamento | F90: Faturamento
F92: TOTAL VENDA | G92: =SUM(G90,G87,G84,G81,G78,G75,G72,G69,G66,G63,G60,G57,G54,G51,G48,G45,G42,G39,G36,G33,G30,G27,G24,G21,G18,G15,G12,G9,G6,G3) -> 0 | H92: TOTAL COMISSÃO
H93: =H2+H5+H8+H11+H14+H17+H20+H23+H26+H29+H32+H35+H38+H41+H44+H47+H50+H53+H56+H59+H62+H65+H68+H71+H74+H77+H80+H83+H86+H89 -> 0

Sheet LOJAS MARIA
A1: X | C1: Fornecedor | D1: Pedido | E1: NFE | F1: Valor | H1: Comissão
A2: Compra | F2: Compra | H2: =G3*5% -> 0
A3: Faturamento | F3: Faturamento
J4: VOLTAR
A5: Compra | F5: Compra | H5: =G6*5% -> 0
A6: Faturamento | F6: Faturamento
A8: Compra | F8: Compra | H8: =G9*4% -> 0
A9: Faturamento | F9: Faturamento
A11: Compra | F11: Compra | H11: =G12*5% -> 0
A12: Faturamento | F12: Faturamento
A14: Compra | F14: Compra | H14: =G15*5% -> 0
A15: Faturamento | F15: Faturamento
A17: Compra | F17: Compra | H17: =G18*5% -> 0
A18: Faturamento | F18: Faturamento
A20: Compra | F20: Compra | H20: =G21*5% -> 0
A21: Faturamento | F21: Faturamento
A23: Compra | F23: Compra | H23: =G24*5% -> 0
A24: Faturamento | F24: Faturamento
A26: Compra | F26: Compra | H26: =G27*5% -> 0
A27: Faturamento | F27: Faturamento
A29: Compra | F29: Compra | H29: =G30*5% -> 0
A30: Faturamento | F30: Faturamento
A32: Compra | F32: Compra | H32: =G33*5% -> 0
A33: Faturamento | F33: Faturamento
A35: Compra | F35: Compra | H35: =G36*5% -> 0
A36: Faturamento | F36: Faturamento
A38: Compra | F38: Compra | H38: =G39*5% -> 0
A39: Faturamento | F39: Faturamento
A41: Compra | F41: Compra | H41: =G42*5% -> 0
A42: Faturamento | F42: Faturamento
A44: Compra | F44: Compra | H44: =G45*5% -> 0
A45: Faturamento | F45: Faturamento
A47: Compra | F47: Compra | H47: =G48*5% -> 0
A48: Faturamento | F48: Faturamento
A50: Compra | F50: Compra | H50: =G51*5% -> 0
A51: Faturamento | F51: Faturamento
A53: Compra | F53: Compra | H53: =G54*5% -> 0
A54: Faturamento | F54: Faturamento
A56: Compra | F56: Compra | H56: =G57*5% -> 0
A57: Faturamento | F57: Faturamento
A59: Compra | F59: Compra | H59: =G60*5% -> 0
A60: Faturamento | F60: Faturamento
A62: Compra | F62: Compra | H62: =G63*5% -> 0
A63: Faturamento | F63: Faturamento
A65: Compra | F65: Compra | H65: =G66*5% -> 0
A66: Faturamento | F66: Faturamento
A68: Compra | F68: Compra | H68: =G69*5% -> 0
A69: Faturamento | F69: Faturamento
A71: Compra | F71: Compra | H71: =G72*5% -> 0
A72: Faturamento | F72: Faturamento
A74: Compra | F74: Compra | H74: =G75*5% -> 0
A75: Faturamento | F75: Faturamento
A77: Compra | F77: Compra | H77: =G78*5% -> 0
A78: Faturamento | F78: Faturamento
A80: Compra | F80: Compra | H80: =G81*5% -> 0
A81: Faturamento | F81: Faturamento
A83: Compra | F83: Compra | H83: =G84*5% -> 0
A84: Faturamento | F84: Faturamento
A86: Compra | F86: Compra | H86: =G87*5% -> 0
A87: Faturamento | F87: Faturamento
A89: Compra | F89: Compra | H89: =G90*5% -> 0
A90: Faturamento | F90: Faturamento
F92: TOTAL VENDA | G92: =SUM(G90,G87,G84,G81,G78,G75,G72,G69,G66,G63,G60,G57,G54,G51,G48,G45,G42,G39,G36,G33,G30,G27,G24,G21,G18,G15,G12,G9,G6,G3) -> 0 | H92: TOTAL COMISSÃO
H93: =H2+H5+H8+H11+H14+H17+H20+H23+H26+H29+H32+H35+H38+H41+H44+H47+H50+H53+H56+H59+H62+H65+H68+H71+H74+H77+H80+H83+H86+H89 -> 0

Sheet V DOS SANTOS
A1: Data | C1: Fornecedor | D1: Pedido | E1: NFE | F1: Valor | H1: Comissão
A2: Compra | F2: Compra | H2: =G3*5% -> 0
A3: Faturamento | F3: Faturamento
J4: VOLTAR
A5: Compra | F5: Compra | H5: =G6*5% -> 0
A6: Faturamento | F6: Faturamento
A8: Compra | F8: Compra | H8: =G9*5% -> 0
A9: Faturamento | F9: Faturamento
A11: Compra | F11: Compra | H11: =G12*5% -> 0
A12: Faturamento | F12: Faturamento
A14: Compra | F14: Compra | H14: =G15*5% -> 0
A15: Faturamento | F15: Faturamento
A17: Compra | F17: Compra | H17: =G18*5% -> 0
A18: Faturamento | F18: Faturamento
A20: Compra | F20: Compra | H20: =G21*5% -> 0
A21: Faturamento | F21: Faturamento
A23: Compra | F23: Compra | H23: =G24*5% -> 0
A24: Faturamento | F24: Faturamento
A26: Compra | F26: Compra | H26: =G27*5% -> 0
A27: Faturamento | F27: Faturamento
A29: Compra | F29: Compra | H29: =G30*5% -> 0
A30: Faturamento | F30: Faturamento
A32: Compra | F32: Compra | H32: =G33*5% -> 0
A33: Faturamento | F33: Faturamento
A35: Compra | F35: Compra | H35: =G36*5% -> 0
A36: Faturamento | F36: Faturamento
A38: Compra | F38: Compra | H38: =G39*5% -> 0
A39: Faturamento | F39: Faturamento
A41: Compra | F41: Compra | H41: =G42*5% -> 0
A42: Faturamento | F42: Faturamento
A44: Compra | F44: Compra | H44: =G45*5% -> 0
A45: Faturamento | F45: Faturamento
A47: Compra | F47: Compra | H47: =G48*5% -> 0
A48: Faturamento | F48: Faturamento
A50: Compra | F50: Compra | H50: =G51*5% -> 0
A51: Faturamento | F51: Faturamento
A53: Compra | F53: Compra | H53: =G54*5% -> 0
A54: Faturamento | F54: Faturamento
A56: Compra | F56: Compra | H56: =G57*5% -> 0
A57: Faturamento | F57: Faturamento
A59: Compra | F59: Compra | H59: =G60*5% -> 0
A60: Faturamento | F60: Faturamento
A62: Compra | F62: Compra | H62: =G63*5% -> 0
A63: Faturamento | F63: Faturamento
A65: Compra | F65: Compra | H65: =G66*5% -> 0
A66: Faturamento | F66: Faturamento
A68: Compra | F68: Compra | H68: =G69*5% -> 0
A69: Faturamento | F69: Faturamento
A71: Compra | F71: Compra | H71: =G72*5% -> 0
A72: Faturamento | F72: Faturamento
A74: Compra | F74: Compra | H74: =G75*5% -> 0
A75: Faturamento | F75: Faturamento
A77: Compra | F77: Compra | H77: =G78*5% -> 0
A78: Faturamento | F78: Faturamento
A80: Compra | F80: Compra | H80: =G81*5% -> 0
A81: Faturamento | F81: Faturamento
A83: Compra | F83: Compra | H83: =G84*5% -> 0
A84: Faturamento | F84: Faturamento
A86: Compra | F86: Compra | H86: =G87*5% -> 0
A87: Faturamento | F87: Faturamento
A89: Compra | F89: Compra | H89: =G90*5% -> 0
A90: Faturamento | F90: Faturamento
F92: TOTAL VENDA | G92: =SUM(G90,G87,G84,G81,G78,G75,G72,G69,G66,G63,G60,G57,G54,G51,G48,G45,G42,G39,G36,G33,G30,G27,G24,G21,G18,G15,G12,G9,G6,G3) -> 0 | H92: TOTAL COMISSÃO
H93: =H2+H5+H8+H11+H14+H17+H20+H23+H26+H29+H32+H35+H38+H41+H44+H47+H50+H53+H56+H59+H62+H65+H68+H71+H74+H77+H80+H83+H86+H89 -> 0

Sheet NAVIO SERVIÇOS
A1: Data | C1: Fornecedor | D1: Pedido | E1: NFE | F1: Valor | H1: Comissão
A2: Compra | F2: Compra | H2: =G3*5% -> 0
A3: Faturamento | F3: Faturamento
J4: VOLTAR
A5: Compra | F5: Compra | H5: =G6*5% -> 0
A6: Faturamento | F6: Faturamento
A8: Compra | F8: Compra | H8: =G9*4% -> 0
A9: Faturamento | F9: Faturamento
A11: Compra | F11: Compra | H11: =G12*5% -> 0
A12: Faturamento | F12: Faturamento
A14: Compra | F14: Compra | H14: =G15*5% -> 0
A15: Faturamento | F15: Faturamento
A17: Compra | F17: Compra | H17: =G18*5% -> 0
A18: Faturamento | F18: Faturamento
A20: Compra | F20: Compra | H20: =G21*5% -> 0
A21: Faturamento | F21: Faturamento
A23: Compra | F23: Compra | H23: =G24*5% -> 0
A24: Faturamento | F24: Faturamento
A26: Compra | F26: Compra | H26: =G27*5% -> 0
A27: Faturamento | F27: Faturamento
A29: Compra | F29: Compra | H29: =G30*5% -> 0
A30: Faturamento | F30: Faturamento
A32: Compra | F32: Compra | H32: =G33*5% -> 0
A33: Faturamento | F33: Faturamento
A35: Compra | F35: Compra | H35: =G36*5% -> 0
A36: Faturamento | F36: Faturamento
A38: Compra | F38: Compra | H38: =G39*5% -> 0
A39: Faturamento | F39: Faturamento
A41: Compra | F41: Compra | H41: =G42*5% -> 0
A42: Faturamento | F42: Faturamento
A44: Compra | F44: Compra | H44: =G45*5% -> 0
A45: Faturamento | F45: Faturamento
A47: Compra | F47: Compra | H47: =G48*5% -> 0
A48: Faturamento | F48: Faturamento
A50: Compra | F50: Compra | H50: =G51*5% -> 0
A51: Faturamento | F51: Faturamento
A53: Compra | F53: Compra | H53: =G54*5% -> 0
A54: Faturamento | F54: Faturamento
A56: Compra | F56: Compra | H56: =G57*5% -> 0
A57: Faturamento | F57: Faturamento
A59: Compra | F59: Compra | H59: =G60*5% -> 0
A60: Faturamento | F60: Faturamento
A62: Compra | F62: Compra | H62: =G63*5% -> 0
A63: Faturamento | F63: Faturamento
A65: Compra | F65: Compra | H65: =G66*5% -> 0
A66: Faturamento | F66: Faturamento
A68: Compra | F68: Compra | H68: =G69*5% -> 0
A69: Faturamento | F69: Faturamento
A71: Compra | F71: Compra | H71: =G72*5% -> 0
A72: Faturamento | F72: Faturamento
A74: Compra | F74: Compra | H74: =G75*5% -> 0
A75: Faturamento | F75: Faturamento
A77: Compra | F77: Compra | H77: =G78*5% -> 0
A78: Faturamento | F78: Faturamento
A80: Compra | F80: Compra | H80: =G81*5% -> 0
A81: Faturamento | F81: Faturamento
A83: Compra | F83: Compra | H83: =G84*5% -> 0
A84: Faturamento | F84: Faturamento
A86: Compra | F86: Compra | H86: =G87*5% -> 0
A87: Faturamento | F87: Faturamento
A89: Compra | F89: Compra | H89: =G90*5% -> 0
A90: Faturamento | F90: Faturamento
F92: TOTAL VENDA | G92: =SUM(G90,G87,G84,G81,G78,G75,G72,G69,G66,G63,G60,G57,G54,G51,G48,G45,G42,G39,G36,G33,G30,G27,G24,G21,G18,G15,G12,G9,G6,G3) -> 0 | H92: TOTAL COMISSÃO
H93: =H2+H5+H8+H11+H14+H17+H20+H23+H26+H29+H32+H35+H38+H41+H44+H47+H50+H53+H56+H59+H62+H65+H68+H71+H74+H77+H80+H83+H86+H89 -> 0

Sheet GIULIANA CHRISTIELLE
A1: Data | C1: Fornecedor | D1: Pedido | E1: NFE | F1: Valor | H1: Comissão
A2: Compra | F2: Compra | H2: =G3*5% -> 0
A3: Faturamento | F3: Faturamento
J4: VOLTAR
A5: Compra | F5: Compra | H5: =G6*4% -> 0
A6: Faturamento | F6: Faturamento
A8: Compra | F8: Compra | H8: =G9*4% -> 0
A9: Faturamento | F9: Faturamento
A11: Compra | F11: Compra | H11: =G12*5% -> 0
A12: Faturamento | F12: Faturamento
A14: Compra | F14: Compra | H14: =G15*5% -> 0
A15: Faturamento | F15: Faturamento
A17: Compra | F17: Compra | H17: =G18*5% -> 0
A18: Faturamento | F18: Faturamento
A20: Compra | F20: Compra | H20: =G21*5% -> 0
A21: Faturamento | F21: Faturamento
A23: Compra | F23: Compra | H23: =G24*5% -> 0
A24: Faturamento | F24: Faturamento
A26: Compra | F26: Compra | H26: =G27*5% -> 0
A27: Faturamento | F27: Faturamento
A29: Compra | F29: Compra | H29: =G30*5% -> 0
A30: Faturamento | F30: Faturamento
A32: Compra | F32: Compra | H32: =G33*5% -> 0
A33: Faturamento | F33: Faturamento
A35: Compra | F35: Compra | H35: =G36*5% -> 0
A36: Faturamento | F36: Faturamento
A38: Compra | F38: Compra | H38: =G39*5% -> 0
A39: Faturamento | F39: Faturamento
A41: Compra | F41: Compra | H41: =G42*5% -> 0
A42: Faturamento | F42: Faturamento
A44: Compra | F44: Compra | H44: =G45*5% -> 0
A45: Faturamento | F45: Faturamento
A47: Compra | F47: Compra | H47: =G48*5% -> 0
A48: Faturamento | F48: Faturamento
A50: Compra | F50: Compra | H50: =G51*5% -> 0
A51: Faturamento | F51: Faturamento
A53: Compra | F53: Compra | H53: =G54*5% -> 0
A54: Faturamento | F54: Faturamento
A56: Compra | F56: Compra | H56: =G57*5% -> 0
A57: Faturamento | F57: Faturamento
A59: Compra | F59: Compra | H59: =G60*5% -> 0
A60: Faturamento | F60: Faturamento
A62: Compra | F62: Compra | H62: =G63*5% -> 0
A63: Faturamento | F63: Faturamento
A65: Compra | F65: Compra | H65: =G66*5% -> 0
A66: Faturamento | F66: Faturamento
A68: Compra | F68: Compra | H68: =G69*5% -> 0
A69: Faturamento | F69: Faturamento
A71: Compra | F71: Compra | H71: =G72*5% -> 0
A72: Faturamento | F72: Faturamento
A74: Compra | F74: Compra | H74: =G75*5% -> 0
A75: Faturamento | F75: Faturamento
A77: Compra | F77: Compra | H77: =G78*5% -> 0
A78: Faturamento | F78: Faturamento
A80: Compra | F80: Compra | H80: =G81*5% -> 0
A81: Faturamento | F81: Faturamento
A83: Compra | F83: Compra | H83: =G84*5% -> 0
A84: Faturamento | F84: Faturamento
A86: Compra | F86: Compra | H86: =G87*5% -> 0
A87: Faturamento | F87: Faturamento
A89: Compra | F89: Compra | H89: =G90*5% -> 0
A90: Faturamento | F90: Faturamento
F92: TOTAL VENDA | G92: =SUM(G90,G87,G84,G81,G78,G75,G72,G69,G66,G63,G60,G57,G54,G51,G48,G45,G42,G39,G36,G33,G30,G27,G24,G21,G18,G15,G12,G9,G6,G3) -> 0 | H92: TOTAL COMISSÃO
H93: =H2+H5+H8+H11+H14+H17+H20+H23+H26+H29+H32+H35+H38+H41+H44+H47+H50+H53+H56+H59+H62+H65+H68+H71+H74+H77+H80+H83+H86+H89 -> 0

Sheet TATIANE VEGAS
A1: Data | C1: Fornecedor | D1: Pedido | E1: NFE | F1: Valor | H1: Comissão
A2: Compra | F2: Compra | H2: =G3*4% -> 0
A3: Faturamento | F3: Faturamento
J4: VOLTAR
A5: Compra | F5: Compra | H5: =G6*4% -> 0
A6: Faturamento | F6: Faturamento
A8: Compra | F8: Compra | H8: =G9*4% -> 0
A9: Faturamento | F9: Faturamento
A11: Compra | F11: Compra | H11: =G12*5% -> 0
A12: Faturamento | F12: Faturamento
A14: Compra | F14: Compra | H14: =G15*5% -> 0
A15: Faturamento | F15: Faturamento
A17: Compra | F17: Compra | H17: =G18*5% -> 0
A18: Faturamento | F18: Faturamento
A20: Compra | F20: Compra | H20: =G21*5% -> 0
A21: Faturamento | F21: Faturamento
A23: Compra | F23: Compra | H23: =G24*5% -> 0
A24: Faturamento | F24: Faturamento
A26: Compra | F26: Compra | H26: =G27*5% -> 0
A27: Faturamento | F27: Faturamento
A29: Compra | F29: Compra | H29: =G30*5% -> 0
A30: Faturamento | F30: Faturamento
A32: Compra | F32: Compra | H32: =G33*5% -> 0
A33: Faturamento | F33: Faturamento
A35: Compra | F35: Compra | H35: =G36*5% -> 0
A36: Faturamento | F36: Faturamento
A38: Compra | F38: Compra | H38: =G39*5% -> 0
A39: Faturamento | F39: Faturamento
A41: Compra | F41: Compra | H41: =G42*5% -> 0
A42: Faturamento | F42: Faturamento
A44: Compra | F44: Compra | H44: =G45*5% -> 0
A45: Faturamento | F45: Faturamento
A47: Compra | F47: Compra | H47: =G48*5% -> 0
A48: Faturamento | F48: Faturamento
A50: Compra | F50: Compra | H50: =G51*5% -> 0
A51: Faturamento | F51: Faturamento
A53: Compra | F53: Compra | H53: =G54*5% -> 0
A54: Faturamento | F54: Faturamento
A56: Compra | F56: Compra | H56: =G57*5% -> 0
A57: Faturamento | F57: Faturamento
A59: Compra | F59: Compra | H59: =G60*5% -> 0
A60: Faturamento | F60: Faturamento
A62: Compra | F62: Compra | H62: =G63*5% -> 0
A63: Faturamento | F63: Faturamento
A65: Compra | F65: Compra | H65: =G66*5% -> 0
A66: Faturamento | F66: Faturamento
A68: Compra | F68: Compra | H68: =G69*5% -> 0
A69: Faturamento | F69: Faturamento
A71: Compra | F71: Compra | H71: =G72*5% -> 0
A72: Faturamento | F72: Faturamento
A74: Compra | F74: Compra | H74: =G75*5% -> 0
A75: Faturamento | F75: Faturamento
A77: Compra | F77: Compra | H77: =G78*5% -> 0
A78: Faturamento | F78: Faturamento
A80: Compra | F80: Compra | H80: =G81*5% -> 0
A81: Faturamento | F81: Faturamento
A83: Compra | F83: Compra | H83: =G84*5% -> 0
A84: Faturamento | F84: Faturamento
A86: Compra | F86: Compra | H86: =G87*5% -> 0
A87: Faturamento | F87: Faturamento
A89: Compra | F89: Compra | H89: =G90*5% -> 0
A90: Faturamento | F90: Faturamento
F92: TOTAL VENDA | G92: =SUM(G90,G87,G84,G81,G78,G75,G72,G69,G66,G63,G60,G57,G54,G51,G48,G45,G42,G39,G36,G33,G30,G27,G24,G21,G18,G15,G12,G9,G6,G3) -> 0 | H92: TOTAL COMISSÃO
H93: =H2+H5+H8+H11+H14+H17+H20+H23+H26+H29+H32+H35+H38+H41+H44+H47+H50+H53+H56+H59+H62+H65+H68+H71+H74+H77+H80+H83+H86+H89 -> 0

Sheet IPED
A1: Data | C1: Fornecedor | D1: Pedido | E1: NFE | F1: Valor | H1: Comissão
A2: Compra | F2: Compra | H2: =G3*2.5% -> 0
A3: Faturamento | F3: Faturamento
J4: VOLTAR
A5: Compra | F5: Compra | H5: =G6*2.5% -> 0
A6: Faturamento | F6: Faturamento
A8: Compra | F8: Compra | H8: =G9*2.5% -> 0
A9: Faturamento | F9: Faturamento
A11: Compra | F11: Compra | H11: =G12*2.5% -> 0
A12: Faturamento | F12: Faturamento
A14: Compra | F14: Compra | H14: =G15*5% -> 0
A15: Faturamento | F15: Faturamento
A17: Compra | F17: Compra | H17: =G18*5% -> 0
A18: Faturamento | F18: Faturamento
A20: Compra | F20: Compra | H20: =G21*5% -> 0
A21: Faturamento | F21: Faturamento
A23: Compra | F23: Compra | H23: =G24*5% -> 0
A24: Faturamento | F24: Faturamento
A26: Compra | F26: Compra | H26: =G27*5% -> 0
A27: Faturamento | F27: Faturamento
A29: Compra | F29: Compra | H29: =G30*5% -> 0
A30: Faturamento | F30: Faturamento
A32: Compra | F32: Compra | H32: =G33*5% -> 0
A33: Faturamento | F33: Faturamento
A35: Compra | F35: Compra | H35: =G36*5% -> 0
A36: Faturamento | F36: Faturamento
A38: Compra | F38: Compra | H38: =G39*5% -> 0
A39: Faturamento | F39: Faturamento
A41: Compra | F41: Compra | H41: =G42*5% -> 0
A42: Faturamento | F42: Faturamento
A44: Compra | F44: Compra | H44: =G45*5% -> 0
A45: Faturamento | F45: Faturamento
A47: Compra | F47: Compra | H47: =G48*5% -> 0
A48: Faturamento | F48: Faturamento
A50: Compra | F50: Compra | H50: =G51*5% -> 0
A51: Faturamento | F51: Faturamento
A53: Compra | F53: Compra | H53: =G54*5% -> 0
A54: Faturamento | F54: Faturamento
A56: Compra | F56: Compra | H56: =G57*5% -> 0
A57: Faturamento | F57: Faturamento
A59: Compra | F59: Compra | H59: =G60*5% -> 0
A60: Faturamento | F60: Faturamento
A62: Compra | F62: Compra | H62: =G63*5% -> 0
A63: Faturamento | F63: Faturamento
A65: Compra | F65: Compra | H65: =G66*5% -> 0
A66: Faturamento | F66: Faturamento
A68: Compra | F68: Compra | H68: =G69*5% -> 0
A69: Faturamento | F69: Faturamento
A71: Compra | F71: Compra | H71: =G72*5% -> 0
A72: Faturamento | F72: Faturamento
A74: Compra | F74: Compra | H74: =G75*5% -> 0
A75: Faturamento | F75: Faturamento
A77: Compra | F77: Compra | H77: =G78*5% -> 0
A78: Faturamento | F78: Faturamento
A80: Compra | F80: Compra | H80: =G81*5% -> 0
A81: Faturamento | F81: Faturamento
A83: Compra | F83: Compra | H83: =G84*5% -> 0
A84: Faturamento | F84: Faturamento
A86: Compra | F86: Compra | H86: =G87*5% -> 0
A87: Faturamento | F87: Faturamento
A89: Compra | F89: Compra | H89: =G90*5% -> 0
A90: Faturamento | F90: Faturamento
F92: TOTAL VENDA | G92: =SUM(G90,G87,G84,G81,G78,G75,G72,G69,G66,G63,G60,G57,G54,G51,G48,G45,G42,G39,G36,G33,G30,G27,G24,G21,G18,G15,G12,G9,G6,G3) -> 0 | H92: TOTAL COMISSÃO
H93: =H2+H5+H8+H11+H14+H17+H20+H23+H26+H29+H32+H35+H38+H41+H44+H47+H50+H53+H56+H59+H62+H65+H68+H71+H74+H77+H80+H83+H86+H89 -> 0

Sheet ERICA SHIRLEY
A1: Data | C1: Fornecedor | D1: Pedido | E1: NFE | F1: Valor | H1: Comissão
A2: Compra | F2: Compra | H2: =G3*5% -> 0
A3: Faturamento | F3: Faturamento
J4: VOLTAR
A5: Compra | F5: Compra | H5: =G6*5% -> 0
A6: Faturamento | F6: Faturamento
A8: Compra | F8: Compra | H8: =G9*4% -> 0
A9: Faturamento | F9: Faturamento
A11: Compra | F11: Compra | H11: =G12*5% -> 0
A12: Faturamento | F12: Faturamento
A14: Compra | F14: Compra | H14: =G15*5% -> 0
A15: Faturamento | F15: Faturamento
A17: Compra | F17: Compra | H17: =G18*5% -> 0
A18: Faturamento | F18: Faturamento
A20: Compra | F20: Compra | H20: =G21*5% -> 0
A21: Faturamento | F21: Faturamento
A23: Compra | F23: Compra | H23: =G24*5% -> 0
A24: Faturamento | F24: Faturamento
A26: Compra | F26: Compra | H26: =G27*5% -> 0
A27: Faturamento | F27: Faturamento
A29: Compra | F29: Compra | H29: =G30*5% -> 0
A30: Faturamento | F30: Faturamento
A32: Compra | F32: Compra | H32: =G33*5% -> 0
A33: Faturamento | F33: Faturamento
A35: Compra | F35: Compra | H35: =G36*5% -> 0
A36: Faturamento | F36: Faturamento
A38: Compra | F38: Compra | H38: =G39*5% -> 0
A39: Faturamento | F39: Faturamento
A41: Compra | F41: Compra | H41: =G42*5% -> 0
A42: Faturamento | F42: Faturamento
A44: Compra | F44: Compra | H44: =G45*5% -> 0
A45: Faturamento | F45: Faturamento
A47: Compra | F47: Compra | H47: =G48*5% -> 0
A48: Faturamento | F48: Faturamento
A50: Compra | F50: Compra | H50: =G51*5% -> 0
A51: Faturamento | F51: Faturamento
A53: Compra | F53: Compra | H53: =G54*5% -> 0
A54: Faturamento | F54: Faturamento
A56: Compra | F56: Compra | H56: =G57*5% -> 0
A57: Faturamento | F57: Faturamento
A59: Compra | F59: Compra | H59: =G60*5% -> 0
A60: Faturamento | F60: Faturamento
A62: Compra | F62: Compra | H62: =G63*5% -> 0
A63: Faturamento | F63: Faturamento
A65: Compra | F65: Compra | H65: =G66*5% -> 0
A66: Faturamento | F66: Faturamento
A68: Compra | F68: Compra | H68: =G69*5% -> 0
A69: Faturamento | F69: Faturamento
A71: Compra | F71: Compra | H71: =G72*5% -> 0
A72: Faturamento | F72: Faturamento
A74: Compra | F74: Compra | H74: =G75*5% -> 0
A75: Faturamento | F75: Faturamento
A77: Compra | F77: Compra | H77: =G78*5% -> 0
A78: Faturamento | F78: Faturamento
A80: Compra | F80: Compra | H80: =G81*5% -> 0
A81: Faturamento | F81: Faturamento
A83: Compra | F83: Compra | H83: =G84*5% -> 0
A84: Faturamento | F84: Faturamento
A86: Compra | F86: Compra | H86: =G87*5% -> 0
A87: Faturamento | F87: Faturamento
A89: Compra | F89: Compra | H89: =G90*5% -> 0
A90: Faturamento | F90: Faturamento
F92: TOTAL VENDA | G92: =SUM(G90,G87,G84,G81,G78,G75,G72,G69,G66,G63,G60,G57,G54,G51,G48,G45,G42,G39,G36,G33,G30,G27,G24,G21,G18,G15,G12,G9,G6,G3) -> 0 | H92: TOTAL COMISSÃO
H93: =H2+H5+H8+H11+H14+H17+H20+H23+H26+H29+H32+H35+H38+H41+H44+H47+H50+H53+H56+H59+H62+H65+H68+H71+H74+H77+H80+H83+H86+H89 -> 0

Sheet J L A HUNCA
A1: Data | C1: Fornecedor | D1: Pedido | E1: NFE | F1: Valor | H1: Comissão
A2: Compra | F2: Compra | H2: =G3*5% -> 0
A3: Faturamento | F3: Faturamento
J4: Voltar ao Inicio
A5: Compra | F5: Compra | H5: =G6*5% -> 0
A6: Faturamento | F6: Faturamento
A8: Compra | F8: Compra | H8: =G9*4% -> 0
A9: Faturamento | F9: Faturamento
A11: Compra | F11: Compra | H11: =G12*5% -> 0
A12: Faturamento | F12: Faturamento
A14: Compra | F14: Compra | H14: =G15*5% -> 0
A15: Faturamento | F15: Faturamento
A17: Compra | F17: Compra | H17: =G18*5% -> 0
A18: Faturamento | F18: Faturamento
A20: Compra | F20: Compra | H20: =G21*5% -> 0
A21: Faturamento | F21: Faturamento
A23: Compra | F23: Compra | H23: =G24*5% -> 0
A24: Faturamento | F24: Faturamento
A26: Compra | F26: Compra | H26: =G27*5% -> 0
A27: Faturamento | F27: Faturamento
A29: Compra | F29: Compra | H29: =G30*5% -> 0
A30: Faturamento | F30: Faturamento
A32: Compra | F32: Compra | H32: =G33*5% -> 0
A33: Faturamento | F33: Faturamento
A35: Compra | F35: Compra | H35: =G36*5% -> 0
A36: Faturamento | F36: Faturamento
A38: Compra | F38: Compra | H38: =G39*5% -> 0
A39: Faturamento | F39: Faturamento
A41: Compra | F41: Compra | H41: =G42*5% -> 0
A42: Faturamento | F42: Faturamento
A44: Compra | F44: Compra | H44: =G45*5% -> 0
A45: Faturamento | F45: Faturamento
A47: Compra | F47: Compra | H47: =G48*5% -> 0
A48: Faturamento | F48: Faturamento
A50: Compra | F50: Compra | H50: =G51*5% -> 0
A51: Faturamento | F51: Faturamento
A53: Compra | F53: Compra | H53: =G54*5% -> 0
A54: Faturamento | F54: Faturamento
A56: Compra | F56: Compra | H56: =G57*5% -> 0
A57: Faturamento | F57: Faturamento
A59: Compra | F59: Compra | H59: =G60*5% -> 0
A60: Faturamento | F60: Faturamento
A62: Compra | F62: Compra | H62: =G63*5% -> 0
A63: Faturamento | F63: Faturamento
A65: Compra | F65: Compra | H65: =G66*5% -> 0
A66: Faturamento | F66: Faturamento
A68: Compra | F68: Compra | H68: =G69*5% -> 0
A69: Faturamento | F69: Faturamento
A71: Compra | F71: Compra | H71: =G72*5% -> 0
A72: Faturamento | F72: Faturamento
A74: Compra | F74: Compra | H74: =G75*5% -> 0
A75: Faturamento | F75: Faturamento
A77: Compra | F77: Compra | H77: =G78*5% -> 0
A78: Faturamento | F78: Faturamento
A80: Compra | F80: Compra | H80: =G81*5% -> 0
A81: Faturamento | F81: Faturamento
A83: Compra | F83: Compra | H83: =G84*5% -> 0
A84: Faturamento | F84: Faturamento
A86: Compra | F86: Compra | H86: =G87*5% -> 0
A87: Faturamento | F87: Faturamento
A89: Compra | F89: Compra | H89: =G90*5% -> 0
A90: Faturamento | F90: Faturamento
F92: TOTAL VENDA | G92: =SUM(G90,G87,G84,G81,G78,G75,G72,G69,G66,G63,G60,G57,G54,G51,G48,G45,G42,G39,G36,G33,G30,G27,G24,G21,G18,G15,G12,G9,G6,G3) -> 0 | H92: TOTAL COMISSÃO
H93: =H2+H5+H8+H11+H14+H17+H20+H23+H26+H29+H32+H35+H38+H41+H44+H47+H50+H53+H56+H59+H62+H65+H68+H71+H74+H77+H80+H83+H86+H89 -> 0

Sheet DF COMERCIO
A1: Data | C1: Fornecedor | D1: Pedido | E1: NFE | F1: Valor | H1: Comissão
A2: Compra | F2: Compra | H2: =G3*5% -> 0
A3: Faturamento | F3: Faturamento
J4: Voltar ao Inicio
A5: Compra | F5: Compra | H5: =G6*5% -> 0
A6: Faturamento | F6: Faturamento
A8: Compra | F8: Compra | H8: =G9*2% -> 0
A9: Faturamento | F9: Faturamento
A11: Compra | F11: Compra | H11: =G12*2% -> 0
A12: Faturamento | F12: Faturamento
A14: Compra | F14: Compra | H14: =G15*5% -> 0
A15: Faturamento | F15: Faturamento
A17: Compra | F17: Compra | H17: =G18*5% -> 0
A18: Faturamento | F18: Faturamento
A20: Compra | F20: Compra | H20: =G21*5% -> 0
A21: Faturamento | F21: Faturamento
A23: Compra | F23: Compra | H23: =G24*5% -> 0
A24: Faturamento | F24: Faturamento
A26: Compra | F26: Compra | H26: =G27*5% -> 0
A27: Faturamento | F27: Faturamento
A29: Compra | F29: Compra | H29: =G30*5% -> 0
A30: Faturamento | F30: Faturamento
A32: Compra | F32: Compra | H32: =G33*5% -> 0
A33: Faturamento | F33: Faturamento
A35: Compra | F35: Compra | H35: =G36*5% -> 0
A36: Faturamento | F36: Faturamento
A38: Compra | F38: Compra | H38: =G39*5% -> 0
A39: Faturamento | F39: Faturamento
A41: Compra | F41: Compra | H41: =G42*5% -> 0
A42: Faturamento | F42: Faturamento
A44: Compra | F44: Compra | H44: =G45*5% -> 0
A45: Faturamento | F45: Faturamento
A47: Compra | F47: Compra | H47: =G48*5% -> 0
A48: Faturamento | F48: Faturamento
A50: Compra | F50: Compra | H50: =G51*5% -> 0
A51: Faturamento | F51: Faturamento
A53: Compra | F53: Compra | H53: =G54*5% -> 0
A54: Faturamento | F54: Faturamento
A56: Compra | F56: Compra | H56: =G57*5% -> 0
A57: Faturamento | F57: Faturamento
A59: Compra | F59: Compra | H59: =G60*5% -> 0
A60: Faturamento | F60: Faturamento
A62: Compra | F62: Compra | H62: =G63*5% -> 0
A63: Faturamento | F63: Faturamento
A65: Compra | F65: Compra | H65: =G66*5% -> 0
A66: Faturamento | F66: Faturamento
A68: Compra | F68: Compra | H68: =G69*5% -> 0
A69: Faturamento | F69: Faturamento
A71: Compra | F71: Compra | H71: =G72*5% -> 0
A72: Faturamento | F72: Faturamento
A74: Compra | F74: Compra | H74: =G75*5% -> 0
A75: Faturamento | F75: Faturamento
A77: Compra | F77: Compra | H77: =G78*5% -> 0
A78: Faturamento | F78: Faturamento
A80: Compra | F80: Compra | H80: =G81*5% -> 0
A81: Faturamento | F81: Faturamento
A83: Compra | F83: Compra | H83: =G84*5% -> 0
A84: Faturamento | F84: Faturamento
A86: Compra | F86: Compra | H86: =G87*5% -> 0
A87: Faturamento | F87: Faturamento
A89: Compra | F89: Compra | H89: =G90*5% -> 0
A90: Faturamento | F90: Faturamento
F92: TOTAL VENDA | G92: =SUM(G90,G87,G84,G81,G78,G75,G72,G69,G66,G63,G60,G57,G54,G51,G48,G45,G42,G39,G36,G33,G30,G27,G24,G21,G18,G15,G12,G9,G6,G3) -> 0 | H92: TOTAL COMISSÃO
H93: =H2+H5+H8+H11+H14+H17+H20+H23+H26+H29+H32+H35+H38+H41+H44+H47+H50+H53+H56+H59+H62+H65+H68+H71+H74+H77+H80+H83+H86+H89 -> 0

Sheet EVELINY MARIA
A1: Data | C1: Fornecedor | D1: Pedido | E1: NFE | F1: Valor | H1: Comissão
A2: Compra | F2: Compra | H2: =G3*5% -> 0
A3: Faturamento | F3: Faturamento
J4: Voltar ao Inicio
A5: Compra | F5: Compra | H5: =G6*5% -> 0
A6: Faturamento | F6: Faturamento
A8: Compra | F8: Compra | H8: =G9*5% -> 0
A9: Faturamento | F9: Faturamento
A11: Compra | F11: Compra | H11: =G12*5% -> 0
A12: Faturamento | F12: Faturamento
A14: Compra | F14: Compra | H14: =G15*5% -> 0
A15: Faturamento | F15: Faturamento
A17: Compra | F17: Compra | H17: =G18*5% -> 0
A18: Faturamento | F18: Faturamento
A20: Compra | F20: Compra | H20: =G21*5% -> 0
A21: Faturamento | F21: Faturamento
A23: Compra | F23: Compra | H23: =G24*5% -> 0
A24: Faturamento | F24: Faturamento
A26: Compra | F26: Compra | H26: =G27*5% -> 0
A27: Faturamento | F27: Faturamento
A29: Compra | F29: Compra | H29: =G30*5% -> 0
A30: Faturamento | F30: Faturamento
A32: Compra | F32: Compra | H32: =G33*5% -> 0
A33: Faturamento | F33: Faturamento
A35: Compra | F35: Compra | H35: =G36*5% -> 0
A36: Faturamento | F36: Faturamento
A38: Compra | F38: Compra | H38: =G39*5% -> 0
A39: Faturamento | F39: Faturamento
A41: Compra | F41: Compra | H41: =G42*5% -> 0
A42: Faturamento | F42: Faturamento
A44: Compra | F44: Compra | H44: =G45*5% -> 0
A45: Faturamento | F45: Faturamento
A47: Compra | F47: Compra | H47: =G48*5% -> 0
A48: Faturamento | F48: Faturamento
A50: Compra | F50: Compra | H50: =G51*5% -> 0
A51: Faturamento | F51: Faturamento
A53: Compra | F53: Compra | H53: =G54*5% -> 0
A54: Faturamento | F54: Faturamento
A56: Compra | F56: Compra | H56: =G57*5% -> 0
A57: Faturamento | F57: Faturamento
A59: Compra | F59: Compra | H59: =G60*5% -> 0
A60: Faturamento | F60: Faturamento
A62: Compra | F62: Compra | H62: =G63*5% -> 0
A63: Faturamento | F63: Faturamento
A65: Compra | F65: Compra | H65: =G66*5% -> 0
A66: Faturamento | F66: Faturamento
A68: Compra | F68: Compra | H68: =G69*5% -> 0
A69: Faturamento | F69: Faturamento
A71: Compra | F71: Compra | H71: =G72*5% -> 0
A72: Faturamento | F72: Faturamento
A74: Compra | F74: Compra | H74: =G75*5% -> 0
A75: Faturamento | F75: Faturamento
A77: Compra | F77: Compra | H77: =G78*5% -> 0
A78: Faturamento | F78: Faturamento
A80: Compra | F80: Compra | H80: =G81*5% -> 0
A81: Faturamento | F81: Faturamento
A83: Compra | F83: Compra | H83: =G84*5% -> 0
A84: Faturamento | F84: Faturamento
A86: Compra | F86: Compra | H86: =G87*5% -> 0
A87: Faturamento | F87: Faturamento
A89: Compra | F89: Compra | H89: =G90*5% -> 0
A90: Faturamento | F90: Faturamento
F92: TOTAL VENDA | G92: =SUM(G90,G87,G84,G81,G78,G75,G72,G69,G66,G63,G60,G57,G54,G51,G48,G45,G42,G39,G36,G33,G30,G27,G24,G21,G18,G15,G12,G9,G6,G3) -> 0 | H92: TOTAL COMISSÃO
H93: =H2+H5+H8+H11+H14+H17+H20+H23+H26+H29+H32+H35+H38+H41+H44+H47+H50+H53+H56+H59+H62+H65+H68+H71+H74+H77+H80+H83+H86+H89 -> 0

Sheet MRC8
A1: Data | C1: Fornecedor | D1: Pedido | E1: NFE | F1: Valor | H1: Comissão
A2: Compra | F2: Compra | H2: =G3*5% -> 0
A3: Faturamento | F3: Faturamento
J4: Voltar ao Inicio
A5: Compra | F5: Compra | H5: =G6*5% -> 0
A6: Faturamento | F6: Faturamento
A8: Compra | F8: Compra | H8: =G9*5% -> 0
A9: Faturamento | F9: Faturamento
A11: Compra | F11: Compra | H11: =G12*5% -> 0
A12: Faturamento | F12: Faturamento
A14: Compra | F14: Compra | H14: =G15*5% -> 0
A15: Faturamento | F15: Faturamento
A17: Compra | F17: Compra | H17: =G18*5% -> 0
A18: Faturamento | F18: Faturamento
A20: Compra | F20: Compra | H20: =G21*5% -> 0
A21: Faturamento | F21: Faturamento
A23: Compra | F23: Compra | H23: =G24*5% -> 0
A24: Faturamento | F24: Faturamento
A26: Compra | F26: Compra | H26: =G27*5% -> 0
A27: Faturamento | F27: Faturamento
A29: Compra | F29: Compra | H29: =G30*5% -> 0
A30: Faturamento | F30: Faturamento
A32: Compra | F32: Compra | H32: =G33*5% -> 0
A33: Faturamento | F33: Faturamento
A35: Compra | F35: Compra | H35: =G36*5% -> 0
A36: Faturamento | F36: Faturamento
A38: Compra | F38: Compra | H38: =G39*5% -> 0
A39: Faturamento | F39: Faturamento
A41: Compra | F41: Compra | H41: =G42*5% -> 0
A42: Faturamento | F42: Faturamento
A44: Compra | F44: Compra | H44: =G45*5% -> 0
A45: Faturamento | F45: Faturamento
A47: Compra | F47: Compra | H47: =G48*5% -> 0
A48: Faturamento | F48: Faturamento
A50: Compra | F50: Compra | H50: =G51*5% -> 0
A51: Faturamento | F51: Faturamento
A53: Compra | F53: Compra | H53: =G54*5% -> 0
A54: Faturamento | F54: Faturamento
A56: Compra | F56: Compra | H56: =G57*5% -> 0
A57: Faturamento | F57: Faturamento
A59: Compra | F59: Compra | H59: =G60*5% -> 0
A60: Faturamento | F60: Faturamento
A62: Compra | F62: Compra | H62: =G63*5% -> 0
A63: Faturamento | F63: Faturamento
A65: Compra | F65: Compra | H65: =G66*5% -> 0
A66: Faturamento | F66: Faturamento
A68: Compra | F68: Compra | H68: =G69*5% -> 0
A69: Faturamento | F69: Faturamento
A71: Compra | F71: Compra | H71: =G72*5% -> 0
A72: Faturamento | F72: Faturamento
A74: Compra | F74: Compra | H74: =G75*5% -> 0
A75: Faturamento | F75: Faturamento
A77: Compra | F77: Compra | H77: =G78*5% -> 0
A78: Faturamento | F78: Faturamento
A80: Compra | F80: Compra | H80: =G81*5% -> 0
A81: Faturamento | F81: Faturamento
A83: Compra | F83: Compra | H83: =G84*5% -> 0
A84: Faturamento | F84: Faturamento
A86: Compra | F86: Compra | H86: =G87*5% -> 0
A87: Faturamento | F87: Faturamento
A89: Compra | F89: Compra | H89: =G90*5% -> 0
A90: Faturamento | F90: Faturamento
F92: TOTAL VENDA | G92: =SUM(G90,G87,G84,G81,G78,G75,G72,G69,G66,G63,G60,G57,G54,G51,G48,G45,G42,G39,G36,G33,G30,G27,G24,G21,G18,G15,G12,G9,G6,G3) -> 0 | H92: TOTAL COMISSÃO
H93: =H2+H5+H8+H11+H14+H17+H20+H23+H26+H29+H32+H35+H38+H41+H44+H47+H50+H53+H56+H59+H62+H65+H68+H71+H74+H77+H80+H83+H86+H89 -> 0

Sheet W.LIMA
A1: Data | C1: Fornecedor | D1: Pedido | E1: NFE | F1: Valor | H1: Comissão
A2: Compra | F2: Compra | H2: =G3*5% -> 0
A3: Faturamento | F3: Faturamento
J4: Voltar ao Inicio
A5: Compra | F5: Compra | H5: =G6*5% -> 0
A6: Faturamento | F6: Faturamento
A8: Compra | F8: Compra | H8: =G9*4% -> 0
A9: Faturamento | F9: Faturamento
A11: Compra | F11: Compra | H11: =G12*5% -> 0
A12: Faturamento | F12: Faturamento
A14: Compra | F14: Compra | H14: =G15*5% -> 0
A15: Faturamento | F15: Faturamento
A17: Compra | F17: Compra | H17: =G18*5% -> 0
A18: Faturamento | F18: Faturamento
A20: Compra | F20: Compra | H20: =G21*5% -> 0
A21: Faturamento | F21: Faturamento
A23: Compra | F23: Compra | H23: =G24*5% -> 0
A24: Faturamento | F24: Faturamento
A26: Compra | F26: Compra | H26: =G27*5% -> 0
A27: Faturamento | F27: Faturamento
A29: Compra | F29: Compra | H29: =G30*5% -> 0
A30: Faturamento | F30: Faturamento
A32: Compra | F32: Compra | H32: =G33*5% -> 0
A33: Faturamento | F33: Faturamento
A35: Compra | F35: Compra | H35: =G36*5% -> 0
A36: Faturamento | F36: Faturamento
A38: Compra | F38: Compra | H38: =G39*5% -> 0
A39: Faturamento | F39: Faturamento
A41: Compra | F41: Compra | H41: =G42*5% -> 0
A42: Faturamento | F42: Faturamento
A44: Compra | F44: Compra | H44: =G45*5% -> 0
A45: Faturamento | F45: Faturamento
A47: Compra | F47: Compra | H47: =G48*5% -> 0
A48: Faturamento | F48: Faturamento
A50: Compra | F50: Compra | H50: =G51*5% -> 0
A51: Faturamento | F51: Faturamento
A53: Compra | F53: Compra | H53: =G54*5% -> 0
A54: Faturamento | F54: Faturamento
A56: Compra | F56: Compra | H56: =G57*5% -> 0
A57: Faturamento | F57: Faturamento
A59: Compra | F59: Compra | H59: =G60*5% -> 0
A60: Faturamento | F60: Faturamento
A62: Compra | F62: Compra | H62: =G63*5% -> 0
A63: Faturamento | F63: Faturamento
A65: Compra | F65: Compra | H65: =G66*5% -> 0
A66: Faturamento | F66: Faturamento
A68: Compra | F68: Compra | H68: =G69*5% -> 0
A69: Faturamento | F69: Faturamento
A71: Compra | F71: Compra | H71: =G72*5% -> 0
A72: Faturamento | F72: Faturamento
A74: Compra | F74: Compra | H74: =G75*5% -> 0
A75: Faturamento | F75: Faturamento
A77: Compra | F77: Compra | H77: =G78*5% -> 0
A78: Faturamento | F78: Faturamento
A80: Compra | F80: Compra | H80: =G81*5% -> 0
A81: Faturamento | F81: Faturamento
A83: Compra | F83: Compra | H83: =G84*5% -> 0
A84: Faturamento | F84: Faturamento
A86: Compra | F86: Compra | H86: =G87*5% -> 0
A87: Faturamento | F87: Faturamento
A89: Compra | F89: Compra | H89: =G90*5% -> 0
A90: Faturamento | F90: Faturamento
F92: TOTAL VENDA | G92: =SUM(G90,G87,G84,G81,G78,G75,G72,G69,G66,G63,G60,G57,G54,G51,G48,G45,G42,G39,G36,G33,G30,G27,G24,G21,G18,G15,G12,G9,G6,G3) -> 0 | H92: TOTAL COMISSÃO
H93: =H2+H5+H8+H11+H14+H17+H20+H23+H26+H29+H32+H35+H38+H41+H44+H47+H50+H53+H56+H59+H62+H65+H68+H71+H74+H77+H80+H83+H86+H89 -> 0

Sheet REALZÃO MONICA
A1: Data | C1: Fornecedor | D1: Pedido | E1: NFE | F1: Valor | H1: Comissão
A2: Compra | F2: Compra | H2: =G3*3% -> 0
A3: Faturamento | F3: Faturamento
J4: Voltar ao Inicio
A5: Compra | F5: Compra | H5: =G6*5% -> 0
A6: Faturamento | F6: Faturamento
A8: Compra | F8: Compra | H8: =G9*4% -> 0
A9: Faturamento | F9: Faturamento
A11: Compra | F11: Compra | H11: =G12*5% -> 0
A12: Faturamento | F12: Faturamento
A14: Compra | F14: Compra | H14: =G15*5% -> 0
A15: Faturamento | F15: Faturamento
A17: Compra | F17: Compra | H17: =G18*5% -> 0
A18: Faturamento | F18: Faturamento
A20: Compra | F20: Compra | H20: =G21*5% -> 0
A21: Faturamento | F21: Faturamento
A23: Compra | F23: Compra | H23: =G24*5% -> 0
A24: Faturamento | F24: Faturamento
A26: Compra | F26: Compra | H26: =G27*5% -> 0
A27: Faturamento | F27: Faturamento
A29: Compra | F29: Compra | H29: =G30*5% -> 0
A30: Faturamento | F30: Faturamento
A32: Compra | F32: Compra | H32: =G33*5% -> 0
A33: Faturamento | F33: Faturamento
A35: Compra | F35: Compra | H35: =G36*5% -> 0
A36: Faturamento | F36: Faturamento
A38: Compra | F38: Compra | H38: =G39*5% -> 0
A39: Faturamento | F39: Faturamento
A41: Compra | F41: Compra | H41: =G42*5% -> 0
A42: Faturamento | F42: Faturamento
A44: Compra | F44: Compra | H44: =G45*5% -> 0
A45: Faturamento | F45: Faturamento
A47: Compra | F47: Compra | H47: =G48*5% -> 0
A48: Faturamento | F48: Faturamento
A50: Compra | F50: Compra | H50: =G51*5% -> 0
A51: Faturamento | F51: Faturamento
A53: Compra | F53: Compra | H53: =G54*5% -> 0
A54: Faturamento | F54: Faturamento
A56: Compra | F56: Compra | H56: =G57*5% -> 0
A57: Faturamento | F57: Faturamento
A59: Compra | F59: Compra | H59: =G60*5% -> 0
A60: Faturamento | F60: Faturamento
A62: Compra | F62: Compra | H62: =G63*5% -> 0
A63: Faturamento | F63: Faturamento
A65: Compra | F65: Compra | H65: =G66*5% -> 0
A66: Faturamento | F66: Faturamento
A68: Compra | F68: Compra | H68: =G69*5% -> 0
A69: Faturamento | F69: Faturamento
A71: Compra | F71: Compra | H71: =G72*5% -> 0
A72: Faturamento | F72: Faturamento
A74: Compra | F74: Compra | H74: =G75*5% -> 0
A75: Faturamento | F75: Faturamento
A77: Compra | F77: Compra | H77: =G78*5% -> 0
A78: Faturamento | F78: Faturamento
A80: Compra | F80: Compra | H80: =G81*5% -> 0
A81: Faturamento | F81: Faturamento
A83: Compra | F83: Compra | H83: =G84*5% -> 0
A84: Faturamento | F84: Faturamento
A86: Compra | F86: Compra | H86: =G87*5% -> 0
A87: Faturamento | F87: Faturamento
A89: Compra | F89: Compra | H89: =G90*5% -> 0
A90: Faturamento | F90: Faturamento
F92: TOTAL VENDA | G92: =SUM(G90,G87,G84,G81,G78,G75,G72,G69,G66,G63,G60,G57,G54,G51,G48,G45,G42,G39,G36,G33,G30,G27,G24,G21,G18,G15,G12,G9,G6,G3) -> 0 | H92: TOTAL COMISSÃO
H93: =H2+H5+H8+H11+H14+H17+H20+H23+H26+H29+H32+H35+H38+H41+H44+H47+H50+H53+H56+H59+H62+H65+H68+H71+H74+H77+H80+H83+H86+H89 -> 0

Sheet CASA MIMO
A1: Data | C1: Fornecedor | D1: Pedido | E1: NFE | F1: Valor | H1: Comissão
A2: Compra | F2: Compra | H2: =G3*2.5% -> 0
A3: Faturamento | F3: Faturamento
J4: Voltar ao Inicio
A5: Compra | F5: Compra | H5: =G6*5% -> 0
A6: Faturamento | F6: Faturamento
A8: Compra | F8: Compra | H8: =G9*5% -> 0
A9: Faturamento | F9: Faturamento
A11: Compra | F11: Compra | H11: =G12*5% -> 0
A12: Faturamento | F12: Faturamento
A14: Compra | F14: Compra | H14: =G15*5% -> 0
A15: Faturamento | F15: Faturamento
A17: Compra | F17: Compra | H17: =G18*5% -> 0
A18: Faturamento | F18: Faturamento
A20: Compra | F20: Compra | H20: =G21*5% -> 0
A21: Faturamento | F21: Faturamento
A23: Compra | F23: Compra | H23: =G24*5% -> 0
A24: Faturamento | F24: Faturamento
A26: Compra | F26: Compra | H26: =G27*5% -> 0
A27: Faturamento | F27: Faturamento
A29: Compra | F29: Compra | H29: =G30*5% -> 0
A30: Faturamento | F30: Faturamento
A32: Compra | F32: Compra | H32: =G33*5% -> 0
A33: Faturamento | F33: Faturamento
A35: Compra | F35: Compra | H35: =G36*5% -> 0
A36: Faturamento | F36: Faturamento
A38: Compra | F38: Compra | H38: =G39*5% -> 0
A39: Faturamento | F39: Faturamento
A41: Compra | F41: Compra | H41: =G42*5% -> 0
A42: Faturamento | F42: Faturamento
A44: Compra | F44: Compra | H44: =G45*5% -> 0
A45: Faturamento | F45: Faturamento
A47: Compra | F47: Compra | H47: =G48*5% -> 0
A48: Faturamento | F48: Faturamento
A50: Compra | F50: Compra | H50: =G51*5% -> 0
A51: Faturamento | F51: Faturamento
A53: Compra | F53: Compra | H53: =G54*5% -> 0
A54: Faturamento | F54: Faturamento
A56: Compra | F56: Compra | H56: =G57*5% -> 0
A57: Faturamento | F57: Faturamento
A59: Compra | F59: Compra | H59: =G60*5% -> 0
A60: Faturamento | F60: Faturamento
A62: Compra | F62: Compra | H62: =G63*5% -> 0
A63: Faturamento | F63: Faturamento
A65: Compra | F65: Compra | H65: =G66*5% -> 0
A66: Faturamento | F66: Faturamento
A68: Compra | F68: Compra | H68: =G69*5% -> 0
A69: Faturamento | F69: Faturamento
A71: Compra | F71: Compra | H71: =G72*5% -> 0
A72: Faturamento | F72: Faturamento
A74: Compra | F74: Compra | H74: =G75*5% -> 0
A75: Faturamento | F75: Faturamento
A77: Compra | F77: Compra | H77: =G78*5% -> 0
A78: Faturamento | F78: Faturamento
A80: Compra | F80: Compra | H80: =G81*5% -> 0
A81: Faturamento | F81: Faturamento
A83: Compra | F83: Compra | H83: =G84*5% -> 0
A84: Faturamento | F84: Faturamento
A86: Compra | F86: Compra | H86: =G87*5% -> 0
A87: Faturamento | F87: Faturamento
A89: Compra | F89: Compra | H89: =G90*5% -> 0
A90: Faturamento | F90: Faturamento
F92: TOTAL VENDA | G92: =SUM(G90,G87,G84,G81,G78,G75,G72,G69,G66,G63,G60,G57,G54,G51,G48,G45,G42,G39,G36,G33,G30,G27,G24,G21,G18,G15,G12,G9,G6,G3) -> 0 | H92: TOTAL COMISSÃO
H93: =H2+H5+H8+H11+H14+H17+H20+H23+H26+H29+H32+H35+H38+H41+H44+H47+H50+H53+H56+H59+H62+H65+H68+H71+H74+H77+H80+H83+H86+H89 -> 0

Sheet AMEI COMERCIO
A1: Data | C1: Fornecedor | D1: Pedido | E1: NFE | F1: Valor | H1: Comissão
A2: Compra | F2: Compra | H2: =G3*5% -> 0
A3: Faturamento | F3: Faturamento
J4: Voltar ao Inicio
A5: Compra | F5: Compra | H5: =G6*5% -> 0
A6: Faturamento | F6: Faturamento
A8: Compra | F8: Compra | H8: =G9*5% -> 0
A9: Faturamento | F9: Faturamento
A11: Compra | F11: Compra | H11: =G12*5% -> 0
A12: Faturamento | F12: Faturamento
A14: Compra | F14: Compra | H14: =G15*5% -> 0
A15: Faturamento | F15: Faturamento
A17: Compra | F17: Compra | H17: =G18*5% -> 0
A18: Faturamento | F18: Faturamento
A20: Compra | F20: Compra | H20: =G21*5% -> 0
A21: Faturamento | F21: Faturamento
A23: Compra | F23: Compra | H23: =G24*5% -> 0
A24: Faturamento | F24: Faturamento
A26: Compra | F26: Compra | H26: =G27*5% -> 0
A27: Faturamento | F27: Faturamento
A29: Compra | F29: Compra | H29: =G30*5% -> 0
A30: Faturamento | F30: Faturamento
A32: Compra | F32: Compra | H32: =G33*5% -> 0
A33: Faturamento | F33: Faturamento
A35: Compra | F35: Compra | H35: =G36*5% -> 0
A36: Faturamento | F36: Faturamento
A38: Compra | F38: Compra | H38: =G39*5% -> 0
A39: Faturamento | F39: Faturamento
A41: Compra | F41: Compra | H41: =G42*5% -> 0
A42: Faturamento | F42: Faturamento
A44: Compra | F44: Compra | H44: =G45*5% -> 0
A45: Faturamento | F45: Faturamento
A47: Compra | F47: Compra | H47: =G48*5% -> 0
A48: Faturamento | F48: Faturamento
A50: Compra | F50: Compra | H50: =G51*5% -> 0
A51: Faturamento | F51: Faturamento
A53: Compra | F53: Compra | H53: =G54*5% -> 0
A54: Faturamento | F54: Faturamento
A56: Compra | F56: Compra | H56: =G57*5% -> 0
A57: Faturamento | F57: Faturamento
A59: Compra | F59: Compra | H59: =G60*5% -> 0
A60: Faturamento | F60: Faturamento
A62: Compra | F62: Compra | H62: =G63*5% -> 0
A63: Faturamento | F63: Faturamento
A65: Compra | F65: Compra | H65: =G66*5% -> 0
A66: Faturamento | F66: Faturamento
A68: Compra | F68: Compra | H68: =G69*5% -> 0
A69: Faturamento | F69: Faturamento
A71: Compra | F71: Compra | H71: =G72*5% -> 0
A72: Faturamento | F72: Faturamento
A74: Compra | F74: Compra | H74: =G75*5% -> 0
A75: Faturamento | F75: Faturamento
A77: Compra | F77: Compra | H77: =G78*5% -> 0
A78: Faturamento | F78: Faturamento
A80: Compra | F80: Compra | H80: =G81*5% -> 0
A81: Faturamento | F81: Faturamento
A83: Compra | F83: Compra | H83: =G84*5% -> 0
A84: Faturamento | F84: Faturamento
A86: Compra | F86: Compra | H86: =G87*5% -> 0
A87: Faturamento | F87: Faturamento
A89: Compra | F89: Compra | H89: =G90*5% -> 0
A90: Faturamento | F90: Faturamento
F92: TOTAL VENDA | G92: =SUM(G90,G87,G84,G81,G78,G75,G72,G69,G66,G63,G60,G57,G54,G51,G48,G45,G42,G39,G36,G33,G30,G27,G24,G21,G18,G15,G12,G9,G6,G3) -> 0 | H92: TOTAL COMISSÃO
H93: =H2+H5+H8+H11+H14+H17+H20+H23+H26+H29+H32+H35+H38+H41+H44+H47+H50+H53+H56+H59+H62+H65+H68+H71+H74+H77+H80+H83+H86+H89 -> 0

Sheet FRANK PAPELARIA
A1: Data | C1: Fornecedor | D1: Pedido | E1: NFE | F1: Valor | H1: Comissão
A2: Compra | F2: Compra | H2: =G3*5% -> 0
A3: Faturamento | F3: Faturamento
J4: Voltar ao Inicio
A5: Compra | F5: Compra | H5: =G6*5% -> 0
A6: Faturamento | F6: Faturamento
A8: Compra | F8: Compra | H8: =G9*4% -> 0
A9: Faturamento | F9: Faturamento
A11: Compra | F11: Compra | H11: =G12*5% -> 0
A12: Faturamento | F12: Faturamento
A14: Compra | F14: Compra | H14: =G15*5% -> 0
A15: Faturamento | F15: Faturamento
A17: Compra | F17: Compra | H17: =G18*5% -> 0
A18: Faturamento | F18: Faturamento
A20: Compra | F20: Compra | H20: =G21*5% -> 0
A21: Faturamento | F21: Faturamento
A23: Compra | F23: Compra | H23: =G24*5% -> 0
A24: Faturamento | F24: Faturamento
A26: Compra | F26: Compra | H26: =G27*5% -> 0
A27: Faturamento | F27: Faturamento
A29: Compra | F29: Compra | H29: =G30*5% -> 0
A30: Faturamento | F30: Faturamento
A32: Compra | F32: Compra | H32: =G33*5% -> 0
A33: Faturamento | F33: Faturamento
A35: Compra | F35: Compra | H35: =G36*5% -> 0
A36: Faturamento | F36: Faturamento
A38: Compra | F38: Compra | H38: =G39*5% -> 0
A39: Faturamento | F39: Faturamento
A41: Compra | F41: Compra | H41: =G42*5% -> 0
A42: Faturamento | F42: Faturamento
A44: Compra | F44: Compra | H44: =G45*5% -> 0
A45: Faturamento | F45: Faturamento
A47: Compra | F47: Compra | H47: =G48*5% -> 0
A48: Faturamento | F48: Faturamento
A50: Compra | F50: Compra | H50: =G51*5% -> 0
A51: Faturamento | F51: Faturamento
A53: Compra | F53: Compra | H53: =G54*5% -> 0
A54: Faturamento | F54: Faturamento
A56: Compra | F56: Compra | H56: =G57*5% -> 0
A57: Faturamento | F57: Faturamento
A59: Compra | F59: Compra | H59: =G60*5% -> 0
A60: Faturamento | F60: Faturamento
A62: Compra | F62: Compra | H62: =G63*5% -> 0
A63: Faturamento | F63: Faturamento
A65: Compra | F65: Compra | H65: =G66*5% -> 0
A66: Faturamento | F66: Faturamento
A68: Compra | F68: Compra | H68: =G69*5% -> 0
A69: Faturamento | F69: Faturamento
A71: Compra | F71: Compra | H71: =G72*5% -> 0
A72: Faturamento | F72: Faturamento
A74: Compra | F74: Compra | H74: =G75*5% -> 0
A75: Faturamento | F75: Faturamento
A77: Compra | F77: Compra | H77: =G78*5% -> 0
A78: Faturamento | F78: Faturamento
A80: Compra | F80: Compra | H80: =G81*5% -> 0
A81: Faturamento | F81: Faturamento
A83: Compra | F83: Compra | H83: =G84*5% -> 0
A84: Faturamento | F84: Faturamento
A86: Compra | F86: Compra | H86: =G87*5% -> 0
A87: Faturamento | F87: Faturamento
A89: Compra | F89: Compra | H89: =G90*5% -> 0
A90: Faturamento | F90: Faturamento
F92: TOTAL VENDA | G92: =SUM(G90,G87,G84,G81,G78,G75,G72,G69,G66,G63,G60,G57,G54,G51,G48,G45,G42,G39,G36,G33,G30,G27,G24,G21,G18,G15,G12,G9,G6,G3) -> 0 | H92: TOTAL COMISSÃO
H93: =H2+H5+H8+H11+H14+H17+H20+H23+H26+H29+H32+H35+H38+H41+H44+H47+H50+H53+H56+H59+H62+H65+H68+H71+H74+H77+H80+H83+H86+H89 -> 0

Sheet W.CHUNMEI
A1: Data | C1: Fornecedor | D1: Pedido | E1: NFE | F1: Valor | H1: Comissão
A2: Compra | F2: Compra | H2: =G3*4% -> 0
A3: Faturamento | F3: Faturamento
J4: Voltar ao Inicio
A5: Compra | F5: Compra | H5: =G6*3% -> 0
A6: Faturamento | F6: Faturamento
A8: Compra | F8: Compra | H8: =G9*4% -> 0
A9: Faturamento | F9: Faturamento
A11: Compra | F11: Compra | H11: =G12*5% -> 0
A12: Faturamento | F12: Faturamento
A14: Compra | F14: Compra | H14: =G15*5% -> 0
A15: Faturamento | F15: Faturamento
A17: Compra | F17: Compra | H17: =G18*5% -> 0
A18: Faturamento | F18: Faturamento
A20: Compra | F20: Compra | H20: =G21*5% -> 0
A21: Faturamento | F21: Faturamento
A23: Compra | F23: Compra | H23: =G24*5% -> 0
A24: Faturamento | F24: Faturamento
A26: Compra | F26: Compra | H26: =G27*5% -> 0
A27: Faturamento | F27: Faturamento
A29: Compra | F29: Compra | H29: =G30*5% -> 0
A30: Faturamento | F30: Faturamento
A32: Compra | F32: Compra | H32: =G33*5% -> 0
A33: Faturamento | F33: Faturamento
A35: Compra | F35: Compra | H35: =G36*5% -> 0
A36: Faturamento | F36: Faturamento
A38: Compra | F38: Compra | H38: =G39*5% -> 0
A39: Faturamento | F39: Faturamento
A41: Compra | F41: Compra | H41: =G42*5% -> 0
A42: Faturamento | F42: Faturamento
A44: Compra | F44: Compra | H44: =G45*5% -> 0
A45: Faturamento | F45: Faturamento
A47: Compra | F47: Compra | H47: =G48*5% -> 0
A48: Faturamento | F48: Faturamento
A50: Compra | F50: Compra | H50: =G51*5% -> 0
A51: Faturamento | F51: Faturamento
A53: Compra | F53: Compra | H53: =G54*5% -> 0
A54: Faturamento | F54: Faturamento
A56: Compra | F56: Compra | H56: =G57*5% -> 0
A57: Faturamento | F57: Faturamento
A59: Compra | F59: Compra | H59: =G60*5% -> 0
A60: Faturamento | F60: Faturamento
A62: Compra | F62: Compra | H62: =G63*5% -> 0
A63: Faturamento | F63: Faturamento
A65: Compra | F65: Compra | H65: =G66*5% -> 0
A66: Faturamento | F66: Faturamento
A68: Compra | F68: Compra | H68: =G69*5% -> 0
A69: Faturamento | F69: Faturamento
A71: Compra | F71: Compra | H71: =G72*5% -> 0
A72: Faturamento | F72: Faturamento
A74: Compra | F74: Compra | H74: =G75*5% -> 0
A75: Faturamento | F75: Faturamento
A77: Compra | F77: Compra | H77: =G78*5% -> 0
A78: Faturamento | F78: Faturamento
A80: Compra | F80: Compra | H80: =G81*5% -> 0
A81: Faturamento | F81: Faturamento
A83: Compra | F83: Compra | H83: =G84*5% -> 0
A84: Faturamento | F84: Faturamento
A86: Compra | F86: Compra | H86: =G87*5% -> 0
A87: Faturamento | F87: Faturamento
A89: Compra | F89: Compra | H89: =G90*5% -> 0
A90: Faturamento | F90: Faturamento
F92: TOTAL VENDA | G92: =SUM(G90,G87,G84,G81,G78,G75,G72,G69,G66,G63,G60,G57,G54,G51,G48,G45,G42,G39,G36,G33,G30,G27,G24,G21,G18,G15,G12,G9,G6,G3) -> 0 | H92: TOTAL COMISSÃO
H93: =H2+H5+H8+H11+H14+H17+H20+H23+H26+H29+H32+H35+H38+H41+H44+H47+H50+H53+H56+H59+H62+H65+H68+H71+H74+H77+H80+H83+H86+H89 -> 0

Sheet JANDERRUBEM
A1: Data | C1: Fornecedor | D1: Pedido | E1: NFE | F1: Valor | H1: Comissão
A2: Compra | F2: Compra | H2: =G3*5% -> 0
A3: Faturamento | F3: Faturamento
J4: Voltar ao Inicio
A5: Compra | F5: Compra | H5: =G6*3% -> 0
A6: Faturamento | F6: Faturamento
A8: Compra | F8: Compra | H8: =G9*4% -> 0
A9: Faturamento | F9: Faturamento
A11: Compra | F11: Compra | H11: =G12*5% -> 0
A12: Faturamento | F12: Faturamento
A14: Compra | F14: Compra | H14: =G15*5% -> 0
A15: Faturamento | F15: Faturamento
A17: Compra | F17: Compra | H17: =G18*5% -> 0
A18: Faturamento | F18: Faturamento
A20: Compra | F20: Compra | H20: =G21*5% -> 0
A21: Faturamento | F21: Faturamento
A23: Compra | F23: Compra | H23: =G24*5% -> 0
A24: Faturamento | F24: Faturamento
A26: Compra | F26: Compra | H26: =G27*5% -> 0
A27: Faturamento | F27: Faturamento
A29: Compra | F29: Compra | H29: =G30*5% -> 0
A30: Faturamento | F30: Faturamento
A32: Compra | F32: Compra | H32: =G33*5% -> 0
A33: Faturamento | F33: Faturamento
A35: Compra | F35: Compra | H35: =G36*5% -> 0
A36: Faturamento | F36: Faturamento
A38: Compra | F38: Compra | H38: =G39*5% -> 0
A39: Faturamento | F39: Faturamento
A41: Compra | F41: Compra | H41: =G42*5% -> 0
A42: Faturamento | F42: Faturamento
A44: Compra | F44: Compra | H44: =G45*5% -> 0
A45: Faturamento | F45: Faturamento
A47: Compra | F47: Compra | H47: =G48*5% -> 0
A48: Faturamento | F48: Faturamento
A50: Compra | F50: Compra | H50: =G51*5% -> 0
A51: Faturamento | F51: Faturamento
A53: Compra | F53: Compra | H53: =G54*5% -> 0
A54: Faturamento | F54: Faturamento
A56: Compra | F56: Compra | H56: =G57*5% -> 0
A57: Faturamento | F57: Faturamento
A59: Compra | F59: Compra | H59: =G60*5% -> 0
A60: Faturamento | F60: Faturamento
A62: Compra | F62: Compra | H62: =G63*5% -> 0
A63: Faturamento | F63: Faturamento
A65: Compra | F65: Compra | H65: =G66*5% -> 0
A66: Faturamento | F66: Faturamento
A68: Compra | F68: Compra | H68: =G69*5% -> 0
A69: Faturamento | F69: Faturamento
A71: Compra | F71: Compra | H71: =G72*5% -> 0
A72: Faturamento | F72: Faturamento
A74: Compra | F74: Compra | H74: =G75*5% -> 0
A75: Faturamento | F75: Faturamento
A77: Compra | F77: Compra | H77: =G78*5% -> 0
A78: Faturamento | F78: Faturamento
A80: Compra | F80: Compra | H80: =G81*5% -> 0
A81: Faturamento | F81: Faturamento
A83: Compra | F83: Compra | H83: =G84*5% -> 0
A84: Faturamento | F84: Faturamento
A86: Compra | F86: Compra | H86: =G87*5% -> 0
A87: Faturamento | F87: Faturamento
A89: Compra | F89: Compra | H89: =G90*5% -> 0
A90: Faturamento | F90: Faturamento
F92: TOTAL VENDA | G92: =SUM(G90,G87,G84,G81,G78,G75,G72,G69,G66,G63,G60,G57,G54,G51,G48,G45,G42,G39,G36,G33,G30,G27,G24,G21,G18,G15,G12,G9,G6,G3) -> 0 | H92: TOTAL COMISSÃO
H93: =H2+H5+H8+H11+H14+H17+H20+H23+H26+H29+H32+H35+H38+H41+H44+H47+H50+H53+H56+H59+H62+H65+H68+H71+H74+H77+H80+H83+H86+H89 -> 0

Sheet BELL FIFI
A1: Data | C1: Fornecedor | D1: Pedido | E1: NFE | F1: Valor | H1: Comissão
A2: Compra | F2: Compra | H2: =G3*2% -> 0
A3: Faturamento | F3: Faturamento
J4: Voltar ao Inicio
A5: Compra | F5: Compra | H5: =G6*5% -> 0
A6: Faturamento | F6: Faturamento
A8: Compra | F8: Compra | H8: =G9*5% -> 0
A9: Faturamento | F9: Faturamento
A11: Compra | F11: Compra | H11: =G12*2% -> 0
A12: Faturamento | F12: Faturamento
A14: Compra | F14: Compra | H14: =G15*5% -> 0
A15: Faturamento | F15: Faturamento
A17: Compra | F17: Compra | H17: =G18*5% -> 0
A18: Faturamento | F18: Faturamento
A20: Compra | F20: Compra | H20: =G21*5% -> 0
A21: Faturamento | F21: Faturamento
A23: Compra | F23: Compra | H23: =G24*5% -> 0
A24: Faturamento | F24: Faturamento
A26: Compra | F26: Compra | H26: =G27*5% -> 0
A27: Faturamento | F27: Faturamento
A29: Compra | F29: Compra | H29: =G30*5% -> 0
A30: Faturamento | F30: Faturamento
A32: Compra | F32: Compra | H32: =G33*5% -> 0
A33: Faturamento | F33: Faturamento
A35: Compra | F35: Compra | H35: =G36*5% -> 0
A36: Faturamento | F36: Faturamento
A38: Compra | F38: Compra | H38: =G39*5% -> 0
A39: Faturamento | F39: Faturamento
A41: Compra | F41: Compra | H41: =G42*5% -> 0
A42: Faturamento | F42: Faturamento
A44: Compra | F44: Compra | H44: =G45*5% -> 0
A45: Faturamento | F45: Faturamento
A47: Compra | F47: Compra | H47: =G48*5% -> 0
A48: Faturamento | F48: Faturamento
A50: Compra | F50: Compra | H50: =G51*5% -> 0
A51: Faturamento | F51: Faturamento
A53: Compra | F53: Compra | H53: =G54*5% -> 0
A54: Faturamento | F54: Faturamento
A56: Compra | F56: Compra | H56: =G57*5% -> 0
A57: Faturamento | F57: Faturamento
A59: Compra | F59: Compra | H59: =G60*5% -> 0
A60: Faturamento | F60: Faturamento
A62: Compra | F62: Compra | H62: =G63*5% -> 0
A63: Faturamento | F63: Faturamento
A65: Compra | F65: Compra | H65: =G66*5% -> 0
A66: Faturamento | F66: Faturamento
A68: Compra | F68: Compra | H68: =G69*5% -> 0
A69: Faturamento | F69: Faturamento
A71: Compra | F71: Compra | H71: =G72*5% -> 0
A72: Faturamento | F72: Faturamento
A74: Compra | F74: Compra | H74: =G75*5% -> 0
A75: Faturamento | F75: Faturamento
A77: Compra | F77: Compra | H77: =G78*5% -> 0
A78: Faturamento | F78: Faturamento
A80: Compra | F80: Compra | H80: =G81*5% -> 0
A81: Faturamento | F81: Faturamento
A83: Compra | F83: Compra | H83: =G84*5% -> 0
A84: Faturamento | F84: Faturamento
A86: Compra | F86: Compra | H86: =G87*5% -> 0
A87: Faturamento | F87: Faturamento
A89: Compra | F89: Compra | H89: =G90*5% -> 0
A90: Faturamento | F90: Faturamento
F92: TOTAL VENDA | G92: =SUM(G90,G87,G84,G81,G78,G75,G72,G69,G66,G63,G60,G57,G54,G51,G48,G45,G42,G39,G36,G33,G30,G27,G24,G21,G18,G15,G12,G9,G6,G3) -> 0 | H92: TOTAL COMISSÃO
H93: =H2+H5+H8+H11+H14+H17+H20+H23+H26+H29+H32+H35+H38+H41+H44+H47+H50+H53+H56+H59+H62+H65+H68+H71+H74+H77+H80+H83+H86+H89 -> 0

Sheet SUPER PART
A1: Data | C1: Fornecedor | D1: Pedido | E1: NFE | F1: Valor | H1: Comissão
A2: Compra | F2: Compra | H2: =G3*4% -> 0
A3: Faturamento | F3: Faturamento
J4: Voltar ao Inicio
A5: Compra | F5: Compra | H5: =G6*3% -> 0
A6: Faturamento | F6: Faturamento
A8: Compra | F8: Compra | H8: =G9*4% -> 0
A9: Faturamento | F9: Faturamento
A11: Compra | F11: Compra | H11: =G12*5% -> 0
A12: Faturamento | F12: Faturamento
A14: Compra | F14: Compra | H14: =G15*5% -> 0
A15: Faturamento | F15: Faturamento
A17: Compra | F17: Compra | H17: =G18*5% -> 0
A18: Faturamento | F18: Faturamento
A20: Compra | F20: Compra | H20: =G21*5% -> 0
A21: Faturamento | F21: Faturamento
A23: Compra | F23: Compra | H23: =G24*5% -> 0
A24: Faturamento | F24: Faturamento
A26: Compra | F26: Compra | H26: =G27*5% -> 0
A27: Faturamento | F27: Faturamento
A29: Compra | F29: Compra | H29: =G30*5% -> 0
A30: Faturamento | F30: Faturamento
A32: Compra | F32: Compra | H32: =G33*5% -> 0
A33: Faturamento | F33: Faturamento
A35: Compra | F35: Compra | H35: =G36*5% -> 0
A36: Faturamento | F36: Faturamento
A38: Compra | F38: Compra | H38: =G39*5% -> 0
A39: Faturamento | F39: Faturamento
A41: Compra | F41: Compra | H41: =G42*5% -> 0
A42: Faturamento | F42: Faturamento
A44: Compra | F44: Compra | H44: =G45*5% -> 0
A45: Faturamento | F45: Faturamento
A47: Compra | F47: Compra | H47: =G48*5% -> 0
A48: Faturamento | F48: Faturamento
A50: Compra | F50: Compra | H50: =G51*5% -> 0
A51: Faturamento | F51: Faturamento
A53: Compra | F53: Compra | H53: =G54*5% -> 0
A54: Faturamento | F54: Faturamento
A56: Compra | F56: Compra | H56: =G57*5% -> 0
A57: Faturamento | F57: Faturamento
A59: Compra | F59: Compra | H59: =G60*5% -> 0
A60: Faturamento | F60: Faturamento
A62: Compra | F62: Compra | H62: =G63*5% -> 0
A63: Faturamento | F63: Faturamento
A65: Compra | F65: Compra | H65: =G66*5% -> 0
A66: Faturamento | F66: Faturamento
A68: Compra | F68: Compra | H68: =G69*5% -> 0
A69: Faturamento | F69: Faturamento
A71: Compra | F71: Compra | H71: =G72*5% -> 0
A72: Faturamento | F72: Faturamento
A74: Compra | F74: Compra | H74: =G75*5% -> 0
A75: Faturamento | F75: Faturamento
A77: Compra | F77: Compra | H77: =G78*5% -> 0
A78: Faturamento | F78: Faturamento
A80: Compra | F80: Compra | H80: =G81*5% -> 0
A81: Faturamento | F81: Faturamento
A83: Compra | F83: Compra | H83: =G84*5% -> 0
A84: Faturamento | F84: Faturamento
A86: Compra | F86: Compra | H86: =G87*5% -> 0
A87: Faturamento | F87: Faturamento
A89: Compra | F89: Compra | H89: =G90*5% -> 0
A90: Faturamento | F90: Faturamento
F92: TOTAL VENDA | G92: =SUM(G90,G87,G84,G81,G78,G75,G72,G69,G66,G63,G60,G57,G54,G51,G48,G45,G42,G39,G36,G33,G30,G27,G24,G21,G18,G15,G12,G9,G6,G3) -> 0 | H92: TOTAL COMISSÃO
H93: =H2+H5+H8+H11+H14+H17+H20+H23+H26+H29+H32+H35+H38+H41+H44+H47+H50+H53+H56+H59+H62+H65+H68+H71+H74+H77+H80+H83+H86+H89 -> 0

Sheet WRA
A1: Data | C1: Fornecedor | D1: Pedido | E1: NFE | F1: Valor | H1: Comissão
A2: Compra | F2: Compra | H2: =G3*4% -> 0
A3: Faturamento | F3: Faturamento
J4: Voltar ao Inicio
A5: Compra | F5: Compra | H5: =G6*3% -> 0
A6: Faturamento | F6: Faturamento
A8: Compra | F8: Compra | H8: =G9*4% -> 0
A9: Faturamento | F9: Faturamento
A11: Compra | F11: Compra | H11: =G12*5% -> 0
A12: Faturamento | F12: Faturamento
A14: Compra | F14: Compra | H14: =G15*5% -> 0
A15: Faturamento | F15: Faturamento
A17: Compra | F17: Compra | H17: =G18*5% -> 0
A18: Faturamento | F18: Faturamento
A20: Compra | F20: Compra | H20: =G21*5% -> 0
A21: Faturamento | F21: Faturamento
A23: Compra | F23: Compra | H23: =G24*5% -> 0
A24: Faturamento | F24: Faturamento
A26: Compra | F26: Compra | H26: =G27*5% -> 0
A27: Faturamento | F27: Faturamento
A29: Compra | F29: Compra | H29: =G30*5% -> 0
A30: Faturamento | F30: Faturamento
A32: Compra | F32: Compra | H32: =G33*5% -> 0
A33: Faturamento | F33: Faturamento
A35: Compra | F35: Compra | H35: =G36*5% -> 0
A36: Faturamento | F36: Faturamento
A38: Compra | F38: Compra | H38: =G39*5% -> 0
A39: Faturamento | F39: Faturamento
A41: Compra | F41: Compra | H41: =G42*5% -> 0
A42: Faturamento | F42: Faturamento
A44: Compra | F44: Compra | H44: =G45*5% -> 0
A45: Faturamento | F45: Faturamento
A47: Compra | F47: Compra | H47: =G48*5% -> 0
A48: Faturamento | F48: Faturamento
A50: Compra | F50: Compra | H50: =G51*5% -> 0
A51: Faturamento | F51: Faturamento
A53: Compra | F53: Compra | H53: =G54*5% -> 0
A54: Faturamento | F54: Faturamento
A56: Compra | F56: Compra | H56: =G57*5% -> 0
A57: Faturamento | F57: Faturamento
A59: Compra | F59: Compra | H59: =G60*5% -> 0
A60: Faturamento | F60: Faturamento
A62: Compra | F62: Compra | H62: =G63*5% -> 0
A63: Faturamento | F63: Faturamento
A65: Compra | F65: Compra | H65: =G66*5% -> 0
A66: Faturamento | F66: Faturamento
A68: Compra | F68: Compra | H68: =G69*5% -> 0
A69: Faturamento | F69: Faturamento
A71: Compra | F71: Compra | H71: =G72*5% -> 0
A72: Faturamento | F72: Faturamento
A74: Compra | F74: Compra | H74: =G75*5% -> 0
A75: Faturamento | F75: Faturamento
A77: Compra | F77: Compra | H77: =G78*5% -> 0
A78: Faturamento | F78: Faturamento
A80: Compra | F80: Compra | H80: =G81*5% -> 0
A81: Faturamento | F81: Faturamento
A83: Compra | F83: Compra | H83: =G84*5% -> 0
A84: Faturamento | F84: Faturamento
A86: Compra | F86: Compra | H86: =G87*5% -> 0
A87: Faturamento | F87: Faturamento
A89: Compra | F89: Compra | H89: =G90*5% -> 0
A90: Faturamento | F90: Faturamento
F92: TOTAL VENDA | G92: =SUM(G90,G87,G84,G81,G78,G75,G72,G69,G66,G63,G60,G57,G54,G51,G48,G45,G42,G39,G36,G33,G30,G27,G24,G21,G18,G15,G12,G9,G6,G3) -> 0 | H92: TOTAL COMISSÃO
H93: =H2+H5+H8+H11+H14+H17+H20+H23+H26+H29+H32+H35+H38+H41+H44+H47+H50+H53+H56+H59+H62+H65+H68+H71+H74+H77+H80+H83+H86+H89 -> 0

Sheet RAPPY TOYS
A1: Data | C1: Fornecedor | D1: Pedido | E1: NFE | F1: Valor | H1: Comissão
A2: Compra | F2: Compra | H2: =G3*4% -> 0
A3: Faturamento | F3: Faturamento
J4: Voltar ao Inicio
A5: Compra | F5: Compra | H5: =G6*3% -> 0
A6: Faturamento | F6: Faturamento
A8: Compra | F8: Compra | H8: =G9*4% -> 0
A9: Faturamento | F9: Faturamento
A11: Compra | F11: Compra | H11: =G12*5% -> 0
A12: Faturamento | F12: Faturamento
A14: Compra | F14: Compra | H14: =G15*5% -> 0
A15: Faturamento | F15: Faturamento
A17: Compra | F17: Compra | H17: =G18*5% -> 0
A18: Faturamento | F18: Faturamento
A20: Compra | F20: Compra | H20: =G21*5% -> 0
A21: Faturamento | F21: Faturamento
A23: Compra | F23: Compra | H23: =G24*5% -> 0
A24: Faturamento | F24: Faturamento
A26: Compra | F26: Compra | H26: =G27*5% -> 0
A27: Faturamento | F27: Faturamento
A29: Compra | F29: Compra | H29: =G30*5% -> 0
A30: Faturamento | F30: Faturamento
A32: Compra | F32: Compra | H32: =G33*5% -> 0
A33: Faturamento | F33: Faturamento
A35: Compra | F35: Compra | H35: =G36*5% -> 0
A36: Faturamento | F36: Faturamento
A38: Compra | F38: Compra | H38: =G39*5% -> 0
A39: Faturamento | F39: Faturamento
A41: Compra | F41: Compra | H41: =G42*5% -> 0
A42: Faturamento | F42: Faturamento
A44: Compra | F44: Compra | H44: =G45*5% -> 0
A45: Faturamento | F45: Faturamento
A47: Compra | F47: Compra | H47: =G48*5% -> 0
A48: Faturamento | F48: Faturamento
A50: Compra | F50: Compra | H50: =G51*5% -> 0
A51: Faturamento | F51: Faturamento
A53: Compra | F53: Compra | H53: =G54*5% -> 0
A54: Faturamento | F54: Faturamento
A56: Compra | F56: Compra | H56: =G57*5% -> 0
A57: Faturamento | F57: Faturamento
A59: Compra | F59: Compra | H59: =G60*5% -> 0
A60: Faturamento | F60: Faturamento
A62: Compra | F62: Compra | H62: =G63*5% -> 0
A63: Faturamento | F63: Faturamento
A65: Compra | F65: Compra | H65: =G66*5% -> 0
A66: Faturamento | F66: Faturamento
A68: Compra | F68: Compra | H68: =G69*5% -> 0
A69: Faturamento | F69: Faturamento
A71: Compra | F71: Compra | H71: =G72*5% -> 0
A72: Faturamento | F72: Faturamento
A74: Compra | F74: Compra | H74: =G75*5% -> 0
A75: Faturamento | F75: Faturamento
A77: Compra | F77: Compra | H77: =G78*5% -> 0
A78: Faturamento | F78: Faturamento
A80: Compra | F80: Compra | H80: =G81*5% -> 0
A81: Faturamento | F81: Faturamento
A83: Compra | F83: Compra | H83: =G84*5% -> 0
A84: Faturamento | F84: Faturamento
A86: Compra | F86: Compra | H86: =G87*5% -> 0
A87: Faturamento | F87: Faturamento
A89: Compra | F89: Compra | H89: =G90*5% -> 0
A90: Faturamento | F90: Faturamento
F92: TOTAL VENDA | G92: =SUM(G90,G87,G84,G81,G78,G75,G72,G69,G66,G63,G60,G57,G54,G51,G48,G45,G42,G39,G36,G33,G30,G27,G24,G21,G18,G15,G12,G9,G6,G3) -> 0 | H92: TOTAL COMISSÃO
H93: =H2+H5+H8+H11+H14+H17+H20+H23+H26+H29+H32+H35+H38+H41+H44+H47+H50+H53+H56+H59+H62+H65+H68+H71+H74+H77+H80+H83+H86+H89 -> 0

Sheet LACORDAIRE TELES
A1: Data | C1: Fornecedor | D1: Pedido | E1: NFE | F1: Valor | H1: Comissão
A2: Compra | F2: Compra | H2: =G3*2% -> 0
A3: Faturamento | F3: Faturamento
J4: Voltar ao Inicio
A5: Compra | F5: Compra | H5: =G6*2% -> 0
A6: Faturamento | F6: Faturamento
A8: Compra | F8: Compra | H8: =G9*4.5% -> 0
A9: Faturamento | F9: Faturamento
A11: Compra | F11: Compra | H11: =G12*5% -> 0
A12: Faturamento | F12: Faturamento
A14: Compra | F14: Compra | H14: =G15*5% -> 0
A15: Faturamento | F15: Faturamento
A17: Compra | F17: Compra | H17: =G18*5% -> 0
A18: Faturamento | F18: Faturamento
A20: Compra | F20: Compra | H20: =G21*5% -> 0
A21: Faturamento | F21: Faturamento
A23: Compra | F23: Compra | H23: =G24*5% -> 0
A24: Faturamento | F24: Faturamento
A26: Compra | F26: Compra | H26: =G27*5% -> 0
A27: Faturamento | F27: Faturamento
A29: Compra | F29: Compra | H29: =G30*5% -> 0
A30: Faturamento | F30: Faturamento
A32: Compra | F32: Compra | H32: =G33*5% -> 0
A33: Faturamento | F33: Faturamento
A35: Compra | F35: Compra | H35: =G36*5% -> 0
A36: Faturamento | F36: Faturamento
A38: Compra | F38: Compra | H38: =G39*5% -> 0
A39: Faturamento | F39: Faturamento
A41: Compra | F41: Compra | H41: =G42*5% -> 0
A42: Faturamento | F42: Faturamento
A44: Compra | F44: Compra | H44: =G45*5% -> 0
A45: Faturamento | F45: Faturamento
A47: Compra | F47: Compra | H47: =G48*5% -> 0
A48: Faturamento | F48: Faturamento
A50: Compra | F50: Compra | H50: =G51*5% -> 0
A51: Faturamento | F51: Faturamento
A53: Compra | F53: Compra | H53: =G54*5% -> 0
A54: Faturamento | F54: Faturamento
A56: Compra | F56: Compra | H56: =G57*5% -> 0
A57: Faturamento | F57: Faturamento
A59: Compra | F59: Compra | H59: =G60*5% -> 0
A60: Faturamento | F60: Faturamento
A62: Compra | F62: Compra | H62: =G63*5% -> 0
A63: Faturamento | F63: Faturamento
A65: Compra | F65: Compra | H65: =G66*5% -> 0
A66: Faturamento | F66: Faturamento
A68: Compra | F68: Compra | H68: =G69*5% -> 0
A69: Faturamento | F69: Faturamento
A71: Compra | F71: Compra | H71: =G72*5% -> 0
A72: Faturamento | F72: Faturamento
A74: Compra | F74: Compra | H74: =G75*5% -> 0
A75: Faturamento | F75: Faturamento
A77: Compra | F77: Compra | H77: =G78*5% -> 0
A78: Faturamento | F78: Faturamento
A80: Compra | F80: Compra | H80: =G81*5% -> 0
A81: Faturamento | F81: Faturamento
A83: Compra | F83: Compra | H83: =G84*5% -> 0
A84: Faturamento | F84: Faturamento
A86: Compra | F86: Compra | H86: =G87*5% -> 0
A87: Faturamento | F87: Faturamento
A89: Compra | F89: Compra | H89: =G90*5% -> 0
A90: Faturamento | F90: Faturamento
F92: TOTAL VENDA | G92: =SUM(G90,G87,G84,G81,G78,G75,G72,G69,G66,G63,G60,G57,G54,G51,G48,G45,G42,G39,G36,G33,G30,G27,G24,G21,G18,G15,G12,G9,G6,G3) -> 0 | H92: TOTAL COMISSÃO
H93: =H2+H5+H8+H11+H14+H17+H20+H23+H26+H29+H32+H35+H38+H41+H44+H47+H50+H53+H56+H59+H62+H65+H68+H71+H74+H77+H80+H83+H86+H89 -> 0

Sheet GETULIO LIRA
A1: Data | C1: Fornecedor | D1: Pedido | E1: NFE | F1: Valor | H1: Comissão
A2: Compra | F2: Compra | H2: =G3*6% -> 0
A3: Faturamento | F3: Faturamento
J4: Voltar ao Inicio
A5: Compra | F5: Compra | H5: =G6*5% -> 0
A6: Faturamento | F6: Faturamento
A8: Compra | F8: Compra | H8: =G9*4% -> 0
A9: Faturamento | F9: Faturamento
A11: Compra | F11: Compra | H11: =G12*5% -> 0
A12: Faturamento | F12: Faturamento
A14: Compra | F14: Compra | H14: =G15*5% -> 0
A15: Faturamento | F15: Faturamento
A17: Compra | F17: Compra | H17: =G18*5% -> 0
A18: Faturamento | F18: Faturamento
A20: Compra | F20: Compra | H20: =G21*5% -> 0
A21: Faturamento | F21: Faturamento
A23: Compra | F23: Compra | H23: =G24*5% -> 0
A24: Faturamento | F24: Faturamento
A26: Compra | F26: Compra | H26: =G27*5% -> 0
A27: Faturamento | F27: Faturamento
A29: Compra | F29: Compra | H29: =G30*5% -> 0
A30: Faturamento | F30: Faturamento
A32: Compra | F32: Compra | H32: =G33*5% -> 0
A33: Faturamento | F33: Faturamento
A35: Compra | F35: Compra | H35: =G36*5% -> 0
A36: Faturamento | F36: Faturamento
A38: Compra | F38: Compra | H38: =G39*5% -> 0
A39: Faturamento | F39: Faturamento
A41: Compra | F41: Compra | H41: =G42*5% -> 0
A42: Faturamento | F42: Faturamento
A44: Compra | F44: Compra | H44: =G45*5% -> 0
A45: Faturamento | F45: Faturamento
A47: Compra | F47: Compra | H47: =G48*5% -> 0
A48: Faturamento | F48: Faturamento
A50: Compra | F50: Compra | H50: =G51*5% -> 0
A51: Faturamento | F51: Faturamento
A53: Compra | F53: Compra | H53: =G54*5% -> 0
A54: Faturamento | F54: Faturamento
A56: Compra | F56: Compra | H56: =G57*5% -> 0
A57: Faturamento | F57: Faturamento
A59: Compra | F59: Compra | H59: =G60*5% -> 0
A60: Faturamento | F60: Faturamento
A62: Compra | F62: Compra | H62: =G63*5% -> 0
A63: Faturamento | F63: Faturamento
A65: Compra | F65: Compra | H65: =G66*5% -> 0
A66: Faturamento | F66: Faturamento
A68: Compra | F68: Compra | H68: =G69*5% -> 0
A69: Faturamento | F69: Faturamento
A71: Compra | F71: Compra | H71: =G72*5% -> 0
A72: Faturamento | F72: Faturamento
A74: Compra | F74: Compra | H74: =G75*5% -> 0
A75: Faturamento | F75: Faturamento
A77: Compra | F77: Compra | H77: =G78*5% -> 0
A78: Faturamento | F78: Faturamento
A80: Compra | F80: Compra | H80: =G81*5% -> 0
A81: Faturamento | F81: Faturamento
A83: Compra | F83: Compra | H83: =G84*5% -> 0
A84: Faturamento | F84: Faturamento
A86: Compra | F86: Compra | H86: =G87*5% -> 0
A87: Faturamento | F87: Faturamento
A89: Compra | F89: Compra | H89: =G90*5% -> 0
A90: Faturamento | F90: Faturamento
F92: TOTAL VENDA | G92: =SUM(G90,G87,G84,G81,G78,G75,G72,G69,G66,G63,G60,G57,G54,G51,G48,G45,G42,G39,G36,G33,G30,G27,G24,G21,G18,G15,G12,G9,G6,G3) -> 0 | H92: TOTAL COMISSÃO
H93: =H2+H5+H8+H11+H14+H17+H20+H23+H26+H29+H32+H35+H38+H41+H44+H47+H50+H53+H56+H59+H62+H65+H68+H71+H74+H77+H80+H83+H86+H89 -> 0

Sheet FLÁVIA COMERCIO
A1: Data | C1: Fornecedor | D1: Pedido | E1: NFE | F1: Valor | H1: Comissão
A2: Compra | F2: Compra | H2: =G3*5% -> 0
A3: Faturamento | F3: Faturamento
J4: Voltar ao Inicio
A5: Compra | F5: Compra | H5: =G6*3% -> 0
A6: Faturamento | F6: Faturamento
A8: Compra | F8: Compra | H8: =G9*4% -> 0
A9: Faturamento | F9: Faturamento
A11: Compra | F11: Compra | H11: =G12*5% -> 0
A12: Faturamento | F12: Faturamento
A14: Compra | F14: Compra | H14: =G15*5% -> 0
A15: Faturamento | F15: Faturamento
A17: Compra | F17: Compra | H17: =G18*5% -> 0
A18: Faturamento | F18: Faturamento
A20: Compra | F20: Compra | H20: =G21*5% -> 0
A21: Faturamento | F21: Faturamento
A23: Compra | F23: Compra | H23: =G24*5% -> 0
A24: Faturamento | F24: Faturamento
A26: Compra | F26: Compra | H26: =G27*5% -> 0
A27: Faturamento | F27: Faturamento
A29: Compra | F29: Compra | H29: =G30*5% -> 0
A30: Faturamento | F30: Faturamento
A32: Compra | F32: Compra | H32: =G33*5% -> 0
A33: Faturamento | F33: Faturamento
A35: Compra | F35: Compra | H35: =G36*5% -> 0
A36: Faturamento | F36: Faturamento
A38: Compra | F38: Compra | H38: =G39*5% -> 0
A39: Faturamento | F39: Faturamento
A41: Compra | F41: Compra | H41: =G42*5% -> 0
A42: Faturamento | F42: Faturamento
A44: Compra | F44: Compra | H44: =G45*5% -> 0
A45: Faturamento | F45: Faturamento
A47: Compra | F47: Compra | H47: =G48*5% -> 0
A48: Faturamento | F48: Faturamento
A50: Compra | F50: Compra | H50: =G51*5% -> 0
A51: Faturamento | F51: Faturamento
A53: Compra | F53: Compra | H53: =G54*5% -> 0
A54: Faturamento | F54: Faturamento
A56: Compra | F56: Compra | H56: =G57*5% -> 0
A57: Faturamento | F57: Faturamento
A59: Compra | F59: Compra | H59: =G60*5% -> 0
A60: Faturamento | F60: Faturamento
A62: Compra | F62: Compra | H62: =G63*5% -> 0
A63: Faturamento | F63: Faturamento
A65: Compra | F65: Compra | H65: =G66*5% -> 0
A66: Faturamento | F66: Faturamento
A68: Compra | F68: Compra | H68: =G69*5% -> 0
A69: Faturamento | F69: Faturamento
A71: Compra | F71: Compra | H71: =G72*5% -> 0
A72: Faturamento | F72: Faturamento
A74: Compra | F74: Compra | H74: =G75*5% -> 0
A75: Faturamento | F75: Faturamento
A77: Compra | F77: Compra | H77: =G78*5% -> 0
A78: Faturamento | F78: Faturamento
A80: Compra | F80: Compra | H80: =G81*5% -> 0
A81: Faturamento | F81: Faturamento
A83: Compra | F83: Compra | H83: =G84*5% -> 0
A84: Faturamento | F84: Faturamento
A86: Compra | F86: Compra | H86: =G87*5% -> 0
A87: Faturamento | F87: Faturamento
A89: Compra | F89: Compra | H89: =G90*5% -> 0
A90: Faturamento | F90: Faturamento
F92: TOTAL VENDA | G92: =SUM(G90,G87,G84,G81,G78,G75,G72,G69,G66,G63,G60,G57,G54,G51,G48,G45,G42,G39,G36,G33,G30,G27,G24,G21,G18,G15,G12,G9,G6,G3) -> 0 | H92: TOTAL COMISSÃO
H93: =H2+H5+H8+H11+H14+H17+H20+H23+H26+H29+H32+H35+H38+H41+H44+H47+H50+H53+H56+H59+H62+H65+H68+H71+H74+H77+H80+H83+H86+H89 -> 0

Sheet MKS COMERCIO
A1: Data | C1: Fornecedor | D1: Pedido | E1: NFE | F1: Valor | H1: Comissão
A2: Compra | F2: Compra | H2: =G3*3.5% -> 0
A3: Faturamento | F3: Faturamento
J4: Voltar ao Inicio
A5: Compra | F5: Compra | H5: =G6*5% -> 0
A6: Faturamento | F6: Faturamento
A8: Compra | F8: Compra | H8: =G9*5% -> 0
A9: Faturamento | F9: Faturamento
A11: Compra | F11: Compra | H11: =G12*5% -> 0
A12: Faturamento | F12: Faturamento
A14: Compra | F14: Compra | H14: =G15*5% -> 0
A15: Faturamento | F15: Faturamento
A17: Compra | F17: Compra | H17: =G18*5% -> 0
A18: Faturamento | F18: Faturamento
A20: Compra | F20: Compra | H20: =G21*5% -> 0
A21: Faturamento | F21: Faturamento
A23: Compra | F23: Compra | H23: =G24*5% -> 0
A24: Faturamento | F24: Faturamento
A26: Compra | F26: Compra | H26: =G27*5% -> 0
A27: Faturamento | F27: Faturamento
A29: Compra | F29: Compra | H29: =G30*5% -> 0
A30: Faturamento | F30: Faturamento
A32: Compra | F32: Compra | H32: =G33*5% -> 0
A33: Faturamento | F33: Faturamento
A35: Compra | F35: Compra | H35: =G36*5% -> 0
A36: Faturamento | F36: Faturamento
A38: Compra | F38: Compra | H38: =G39*5% -> 0
A39: Faturamento | F39: Faturamento
A41: Compra | F41: Compra | H41: =G42*5% -> 0
A42: Faturamento | F42: Faturamento
A44: Compra | F44: Compra | H44: =G45*5% -> 0
A45: Faturamento | F45: Faturamento
A47: Compra | F47: Compra | H47: =G48*5% -> 0
A48: Faturamento | F48: Faturamento
A50: Compra | F50: Compra | H50: =G51*5% -> 0
A51: Faturamento | F51: Faturamento
A53: Compra | F53: Compra | H53: =G54*5% -> 0
A54: Faturamento | F54: Faturamento
A56: Compra | F56: Compra | H56: =G57*5% -> 0
A57: Faturamento | F57: Faturamento
A59: Compra | F59: Compra | H59: =G60*5% -> 0
A60: Faturamento | F60: Faturamento
A62: Compra | F62: Compra | H62: =G63*5% -> 0
A63: Faturamento | F63: Faturamento
A65: Compra | F65: Compra | H65: =G66*5% -> 0
A66: Faturamento | F66: Faturamento
A68: Compra | F68: Compra | H68: =G69*5% -> 0
A69: Faturamento | F69: Faturamento
A71: Compra | F71: Compra | H71: =G72*5% -> 0
A72: Faturamento | F72: Faturamento
A74: Compra | F74: Compra | H74: =G75*5% -> 0
A75: Faturamento | F75: Faturamento
A77: Compra | F77: Compra | H77: =G78*5% -> 0
A78: Faturamento | F78: Faturamento
A80: Compra | F80: Compra | H80: =G81*5% -> 0
A81: Faturamento | F81: Faturamento
A83: Compra | F83: Compra | H83: =G84*5% -> 0
A84: Faturamento | F84: Faturamento
A86: Compra | F86: Compra | H86: =G87*5% -> 0
A87: Faturamento | F87: Faturamento
A89: Compra | F89: Compra | H89: =G90*5% -> 0
A90: Faturamento | F90: Faturamento
F92: TOTAL VENDA | G92: =SUM(G90,G87,G84,G81,G78,G75,G72,G69,G66,G63,G60,G57,G54,G51,G48,G45,G42,G39,G36,G33,G30,G27,G24,G21,G18,G15,G12,G9,G6,G3) -> 0 | H92: TOTAL COMISSÃO
H93: =H2+H5+H8+H11+H14+H17+H20+H23+H26+H29+H32+H35+H38+H41+H44+H47+H50+H53+H56+H59+H62+H65+H68+H71+H74+H77+H80+H83+H86+H89 -> 0

Sheet MAIS QUE MAKE SÃO LUIS
A1: Data | C1: Fornecedor | D1: Pedido | E1: NFE | F1: Valor | H1: Comissão
A2: Compra | F2: Compra | H2: =G3*5% -> 0
A3: Faturamento | F3: Faturamento
J4: Voltar ao Inicio
A5: Compra | F5: Compra | H5: =G6*6% -> 0
A6: Faturamento | F6: Faturamento
A8: Compra | F8: Compra | H8: =G9*3% -> 0
A9: Faturamento | F9: Faturamento
A11: Compra | F11: Compra | H11: =G12*3% -> 0
A12: Faturamento | F12: Faturamento
A14: Compra | F14: Compra | H14: =G15*3% -> 0
A15: Faturamento | F15: Faturamento
A17: Compra | F17: Compra | H17: =G18*5% -> 0
A18: Faturamento | F18: Faturamento
A20: Compra | F20: Compra | H20: =G21*5% -> 0
A21: Faturamento | F21: Faturamento
A23: Compra | F23: Compra | H23: =G24*5% -> 0
A24: Faturamento | F24: Faturamento
A26: Compra | F26: Compra | H26: =G27*5% -> 0
A27: Faturamento | F27: Faturamento
A29: Compra | F29: Compra | H29: =G30*5% -> 0
A30: Faturamento | F30: Faturamento
A32: Compra | F32: Compra | H32: =G33*5% -> 0
A33: Faturamento | F33: Faturamento
A35: Compra | F35: Compra | H35: =G36*5% -> 0
A36: Faturamento | F36: Faturamento
A38: Compra | F38: Compra | H38: =G39*5% -> 0
A39: Faturamento | F39: Faturamento
A41: Compra | F41: Compra | H41: =G42*5% -> 0
A42: Faturamento | F42: Faturamento
A44: Compra | F44: Compra | H44: =G45*6% -> 0
A45: Faturamento | F45: Faturamento
A47: Compra | F47: Compra | H47: =G48*5% -> 0
A48: Faturamento | F48: Faturamento
A50: Compra | F50: Compra | H50: =G51*5% -> 0
A51: Faturamento | F51: Faturamento
A53: Compra | F53: Compra | H53: =G54*5% -> 0
A54: Faturamento | F54: Faturamento
A56: Compra | F56: Compra | H56: =G57*5% -> 0
A57: Faturamento | F57: Faturamento
A59: Compra | F59: Compra | H59: =G60*5% -> 0
A60: Faturamento | F60: Faturamento
A62: Compra | F62: Compra | H62: =G63*5% -> 0
A63: Faturamento | F63: Faturamento
A65: Compra | F65: Compra | H65: =G66*5% -> 0
A66: Faturamento | F66: Faturamento
A68: Compra | F68: Compra | H68: =G69*5% -> 0
A69: Faturamento | F69: Faturamento
A71: Compra | F71: Compra | H71: =G72*5% -> 0
A72: Faturamento | F72: Faturamento
A74: Compra | F74: Compra | H74: =G75*5% -> 0
A75: Faturamento | F75: Faturamento
A77: Compra | F77: Compra | H77: =G78*5% -> 0
A78: Faturamento | F78: Faturamento
A80: Compra | F80: Compra | H80: =G81*5% -> 0
A81: Faturamento | F81: Faturamento
A83: Compra | F83: Compra | H83: =G84*5% -> 0
A84: Faturamento | F84: Faturamento
A86: Compra | F86: Compra | H86: =G87*5% -> 0
A87: Faturamento | F87: Faturamento
A89: Compra | F89: Compra | H89: =G90*5% -> 0
A90: Faturamento | F90: Faturamento
F92: TOTAL VENDA | G92: =SUM(G90,G87,G84,G81,G78,G75,G72,G69,G66,G63,G60,G57,G54,G51,G48,G45,G42,G39,G36,G33,G30,G27,G24,G21,G18,G15,G12,G9,G6,G3) -> 0 | H92: TOTAL COMISSÃO
H93: =H2+H5+H8+H11+H14+H17+H20+H23+H26+H29+H32+H35+H38+H41+H44+H47+H50+H53+H56+H59+H62+H65+H68+H71+H74+H77+H80+H83+H86+H89 -> 0

Sheet MAIS QUE MAKE BURITICUPU
A1: Data | C1: Fornecedor | D1: Pedido | E1: NFE | F1: Valor | H1: Comissão
A2: Compra | F2: Compra | H2: =G3*5% -> 0
A3: Faturamento | F3: Faturamento
J4: Voltar ao Inicio
A5: Compra | F5: Compra | H5: =G6*6% -> 0
A6: Faturamento | F6: Faturamento
A8: Compra | F8: Compra | H8: =G9*3.5% -> 0
A9: Faturamento | F9: Faturamento
A11: Compra | F11: Compra | H11: =G12*5% -> 0
A12: Faturamento | F12: Faturamento
A14: Compra | F14: Compra | H14: =G15*5% -> 0
A15: Faturamento | F15: Faturamento
A17: Compra | F17: Compra | H17: =G18*5% -> 0
A18: Faturamento | F18: Faturamento
A20: Compra | F20: Compra | H20: =G21*5% -> 0
A21: Faturamento | F21: Faturamento
A23: Compra | F23: Compra | H23: =G24*5% -> 0
A24: Faturamento | F24: Faturamento
A26: Compra | F26: Compra | H26: =G27*5% -> 0
A27: Faturamento | F27: Faturamento
A29: Compra | F29: Compra | H29: =G30*5% -> 0
A30: Faturamento | F30: Faturamento
A32: Compra | F32: Compra | H32: =G33*5% -> 0
A33: Faturamento | F33: Faturamento
A35: Compra | F35: Compra | H35: =G36*5% -> 0
A36: Faturamento | F36: Faturamento
A38: Compra | F38: Compra | H38: =G39*5% -> 0
A39: Faturamento | F39: Faturamento
A41: Compra | F41: Compra | H41: =G42*5% -> 0
A42: Faturamento | F42: Faturamento
A44: Compra | F44: Compra | H44: =G45*5% -> 0
A45: Faturamento | F45: Faturamento
A47: Compra | F47: Compra | H47: =G48*5% -> 0
A48: Faturamento | F48: Faturamento
A50: Compra | F50: Compra | H50: =G51*5% -> 0
A51: Faturamento | F51: Faturamento
A53: Compra | F53: Compra | H53: =G54*5% -> 0
A54: Faturamento | F54: Faturamento
A56: Compra | F56: Compra | H56: =G57*5% -> 0
A57: Faturamento | F57: Faturamento
A59: Compra | F59: Compra | H59: =G60*5% -> 0
A60: Faturamento | F60: Faturamento
A62: Compra | F62: Compra | H62: =G63*5% -> 0
A63: Faturamento | F63: Faturamento
A65: Compra | F65: Compra | H65: =G66*5% -> 0
A66: Faturamento | F66: Faturamento
A68: Compra | F68: Compra | H68: =G69*5% -> 0
A69: Faturamento | F69: Faturamento
A71: Compra | F71: Compra | H71: =G72*5% -> 0
A72: Faturamento | F72: Faturamento
A74: Compra | F74: Compra | H74: =G75*5% -> 0
A75: Faturamento | F75: Faturamento
A77: Compra | F77: Compra | H77: =G78*5% -> 0
A78: Faturamento | F78: Faturamento
A80: Compra | F80: Compra | H80: =G81*5% -> 0
A81: Faturamento | F81: Faturamento
A83: Compra | F83: Compra | H83: =G84*5% -> 0
A84: Faturamento | F84: Faturamento
A86: Compra | F86: Compra | H86: =G87*5% -> 0
A87: Faturamento | F87: Faturamento
A89: Compra | F89: Compra | H89: =G90*5% -> 0
A90: Faturamento | F90: Faturamento
F92: TOTAL VENDA | G92: =SUM(G90,G87,G84,G81,G78,G75,G72,G69,G66,G63,G60,G57,G54,G51,G48,G45,G42,G39,G36,G33,G30,G27,G24,G21,G18,G15,G12,G9,G6,G3) -> 0 | H92: TOTAL COMISSÃO
H93: =H2+H5+H8+H11+H14+H17+H20+H23+H26+H29+H32+H35+H38+H41+H44+H47+H50+H53+H56+H59+H62+H65+H68+H71+H74+H77+H80+H83+H86+H89 -> 0

Sheet PINK GLAMOUR
A1: Data | C1: Fornecedor | D1: Pedido | E1: NFE | F1: Valor | H1: Comissão
A2: Compra | F2: Compra | H2: =G3*5% -> 0
A3: Faturamento | F3: Faturamento
J4: Voltar ao Inicio
A5: Compra | F5: Compra | H5: =G6*6% -> 0
A6: Faturamento | F6: Faturamento
A8: Compra | F8: Compra | H8: =G9*4% -> 0
A9: Faturamento | F9: Faturamento
A11: Compra | F11: Compra | H11: =G12*5% -> 0
A12: Faturamento | F12: Faturamento
A14: Compra | F14: Compra | H14: =G15*5% -> 0
A15: Faturamento | F15: Faturamento
A17: Compra | F17: Compra | H17: =G18*5% -> 0
A18: Faturamento | F18: Faturamento
A20: Compra | F20: Compra | H20: =G21*5% -> 0
A21: Faturamento | F21: Faturamento
A23: Compra | F23: Compra | H23: =G24*5% -> 0
A24: Faturamento | F24: Faturamento
A26: Compra | F26: Compra | H26: =G27*5% -> 0
A27: Faturamento | F27: Faturamento
A29: Compra | F29: Compra | H29: =G30*5% -> 0
A30: Faturamento | F30: Faturamento
A32: Compra | F32: Compra | H32: =G33*5% -> 0
A33: Faturamento | F33: Faturamento
A35: Compra | F35: Compra | H35: =G36*5% -> 0
A36: Faturamento | F36: Faturamento
A38: Compra | F38: Compra | H38: =G39*5% -> 0
A39: Faturamento | F39: Faturamento
A41: Compra | F41: Compra | H41: =G42*5% -> 0
A42: Faturamento | F42: Faturamento
A44: Compra | F44: Compra | H44: =G45*5% -> 0
A45: Faturamento | F45: Faturamento
A47: Compra | F47: Compra | H47: =G48*5% -> 0
A48: Faturamento | F48: Faturamento
A50: Compra | F50: Compra | H50: =G51*5% -> 0
A51: Faturamento | F51: Faturamento
A53: Compra | F53: Compra | H53: =G54*5% -> 0
A54: Faturamento | F54: Faturamento
A56: Compra | F56: Compra | H56: =G57*5% -> 0
A57: Faturamento | F57: Faturamento
A59: Compra | F59: Compra | H59: =G60*5% -> 0
A60: Faturamento | F60: Faturamento
A62: Compra | F62: Compra | H62: =G63*5% -> 0
A63: Faturamento | F63: Faturamento
A65: Compra | F65: Compra | H65: =G66*5% -> 0
A66: Faturamento | F66: Faturamento
A68: Compra | F68: Compra | H68: =G69*5% -> 0
A69: Faturamento | F69: Faturamento
A71: Compra | F71: Compra | H71: =G72*5% -> 0
A72: Faturamento | F72: Faturamento
A74: Compra | F74: Compra | H74: =G75*5% -> 0
A75: Faturamento | F75: Faturamento
A77: Compra | F77: Compra | H77: =G78*5% -> 0
A78: Faturamento | F78: Faturamento
A80: Compra | F80: Compra | H80: =G81*5% -> 0
A81: Faturamento | F81: Faturamento
A83: Compra | F83: Compra | H83: =G84*5% -> 0
A84: Faturamento | F84: Faturamento
A86: Compra | F86: Compra | H86: =G87*5% -> 0
A87: Faturamento | F87: Faturamento
A89: Compra | F89: Compra | H89: =G90*5% -> 0
A90: Faturamento | F90: Faturamento
F92: TOTAL VENDA | G92: =SUM(G90,G87,G84,G81,G78,G75,G72,G69,G66,G63,G60,G57,G54,G51,G48,G45,G42,G39,G36,G33,G30,G27,G24,G21,G18,G15,G12,G9,G6,G3) -> 0 | H92: TOTAL COMISSÃO
H93: =H2+H5+H8+H11+H14+H17+H20+H23+H26+H29+H32+H35+H38+H41+H44+H47+H50+H53+H56+H59+H62+H65+H68+H71+H74+H77+H80+H83+H86+H89 -> 0

Sheet COM. MARTINS E MARTINS
A1: Data | C1: Fornecedor | D1: Pedido | E1: NFE | F1: Valor | H1: Comissão
A2: Compra | F2: Compra | H2: =G3*8% -> 0
A3: Faturamento | F3: Faturamento
J4: Voltar ao Inicio
A5: Compra | F5: Compra | H5: =G6*4% -> 0
A6: Faturamento | F6: Faturamento
A8: Compra | F8: Compra | H8: =G9*5% -> 0
A9: Faturamento | F9: Faturamento
A11: Compra | F11: Compra | H11: =G12*5% -> 0
A12: Faturamento | F12: Faturamento
A14: Compra | F14: Compra | H14: =G15*2.5% -> 0
A15: Faturamento | F15: Faturamento
A17: Compra | F17: Compra | H17: =G18*4.5% -> 0
A18: Faturamento | F18: Faturamento
A20: Compra | F20: Compra | H20: =G21*5% -> 0
A21: Faturamento | F21: Faturamento
A23: Compra | F23: Compra | H23: =G24*5% -> 0
A24: Faturamento | F24: Faturamento
A26: Compra | F26: Compra | H26: =G27*5% -> 0
A27: Faturamento | F27: Faturamento
A29: Compra | F29: Compra | H29: =G30*5% -> 0
A30: Faturamento | F30: Faturamento
A32: Compra | F32: Compra | H32: =G33*5% -> 0
A33: Faturamento | F33: Faturamento
A35: Compra | F35: Compra | H35: =G36*5% -> 0
A36: Faturamento | F36: Faturamento
A38: Compra | F38: Compra | H38: =G39*5% -> 0
A39: Faturamento | F39: Faturamento
A41: Compra | F41: Compra | H41: =G42*5% -> 0
A42: Faturamento | F42: Faturamento
A44: Compra | F44: Compra | H44: =G45*5% -> 0
A45: Faturamento | F45: Faturamento
A47: Compra | F47: Compra | H47: =G48*5% -> 0
A48: Faturamento | F48: Faturamento
A50: Compra | F50: Compra | H50: =G51*5% -> 0
A51: Faturamento | F51: Faturamento
A53: Compra | F53: Compra | H53: =G54*5% -> 0
A54: Faturamento | F54: Faturamento
A56: Compra | F56: Compra | H56: =G57*5% -> 0
A57: Faturamento | F57: Faturamento
A59: Compra | F59: Compra | H59: =G60*5% -> 0
A60: Faturamento | F60: Faturamento
A62: Compra | F62: Compra | H62: =G63*5% -> 0
A63: Faturamento | F63: Faturamento
A65: Compra | F65: Compra | H65: =G66*5% -> 0
A66: Faturamento | F66: Faturamento
A68: Compra | F68: Compra | H68: =G69*5% -> 0
A69: Faturamento | F69: Faturamento
A71: Compra | F71: Compra | H71: =G72*5% -> 0
A72: Faturamento | F72: Faturamento
A74: Compra | F74: Compra | H74: =G75*5% -> 0
A75: Faturamento | F75: Faturamento
A77: Compra | F77: Compra | H77: =G78*5% -> 0
A78: Faturamento | F78: Faturamento
A80: Compra | F80: Compra | H80: =G81*5% -> 0
A81: Faturamento | F81: Faturamento
A83: Compra | F83: Compra | H83: =G84*5% -> 0
A84: Faturamento | F84: Faturamento
A86: Compra | F86: Compra | H86: =G87*5% -> 0
A87: Faturamento | F87: Faturamento
A89: Compra | F89: Compra | H89: =G90*5% -> 0
A90: Faturamento | F90: Faturamento
F92: TOTAL VENDA | G92: =SUM(G90,G87,G84,G81,G78,G75,G72,G69,G66,G63,G60,G57,G54,G51,G48,G45,G42,G39,G36,G33,G30,G27,G24,G21,G18,G15,G12,G9,G6,G3) -> 0 | H92: TOTAL COMISSÃO
H93: =H2+H5+H8+H11+H14+H17+H20+H23+H26+H29+H32+H35+H38+H41+H44+H47+H50+H53+H56+H59+H62+H65+H68+H71+H74+H77+H80+H83+H86+H89 -> 0

Sheet FLAP KIDS
A1: Data | C1: Fornecedor | D1: Pedido | E1: NFE | F1: Valor | H1: Comissão
A2: Compra | F2: Compra | H2: =G3*6% -> 0
A3: Faturamento | F3: Faturamento
J4: Voltar ao Inicio
A5: Compra | F5: Compra | H5: =G6*5% -> 0
A6: Faturamento | F6: Faturamento
A8: Compra | F8: Compra | H8: =G9*6% -> 0
A9: Faturamento | F9: Faturamento
A11: Compra | F11: Compra | H11: =G12*5% -> 0
A12: Faturamento | F12: Faturamento
A14: Compra | F14: Compra | H14: =G15*5% -> 0
A15: Faturamento | F15: Faturamento
A17: Compra | F17: Compra | H17: =G18*5% -> 0
A18: Faturamento | F18: Faturamento
A20: Compra | F20: Compra | H20: =G21*5% -> 0
A21: Faturamento | F21: Faturamento
A23: Compra | F23: Compra | H23: =G24*5% -> 0
A24: Faturamento | F24: Faturamento
A26: Compra | F26: Compra | H26: =G27*5% -> 0
A27: Faturamento | F27: Faturamento
A29: Compra | F29: Compra | H29: =G30*5% -> 0
A30: Faturamento | F30: Faturamento
A32: Compra | F32: Compra | H32: =G33*5% -> 0
A33: Faturamento | F33: Faturamento
A35: Compra | F35: Compra | H35: =G36*5% -> 0
A36: Faturamento | F36: Faturamento
A38: Compra | F38: Compra | H38: =G39*5% -> 0
A39: Faturamento | F39: Faturamento
A41: Compra | F41: Compra | H41: =G42*5% -> 0
A42: Faturamento | F42: Faturamento
A44: Compra | F44: Compra | H44: =G45*5% -> 0
A45: Faturamento | F45: Faturamento
A47: Compra | F47: Compra | H47: =G48*5% -> 0
A48: Faturamento | F48: Faturamento
A50: Compra | F50: Compra | H50: =G51*5% -> 0
A51: Faturamento | F51: Faturamento
A53: Compra | F53: Compra | H53: =G54*5% -> 0
A54: Faturamento | F54: Faturamento
A56: Compra | F56: Compra | H56: =G57*5% -> 0
A57: Faturamento | F57: Faturamento
A59: Compra | F59: Compra | H59: =G60*5% -> 0
A60: Faturamento | F60: Faturamento
A62: Compra | F62: Compra | H62: =G63*5% -> 0
A63: Faturamento | F63: Faturamento
A65: Compra | F65: Compra | H65: =G66*5% -> 0
A66: Faturamento | F66: Faturamento
A68: Compra | F68: Compra | H68: =G69*5% -> 0
A69: Faturamento | F69: Faturamento
A71: Compra | F71: Compra | H71: =G72*5% -> 0
A72: Faturamento | F72: Faturamento
A74: Compra | F74: Compra | H74: =G75*5% -> 0
A75: Faturamento | F75: Faturamento
A77: Compra | F77: Compra | H77: =G78*5% -> 0
A78: Faturamento | F78: Faturamento
A80: Compra | F80: Compra | H80: =G81*5% -> 0
A81: Faturamento | F81: Faturamento
A83: Compra | F83: Compra | H83: =G84*5% -> 0
A84: Faturamento | F84: Faturamento
A86: Compra | F86: Compra | H86: =G87*5% -> 0
A87: Faturamento | F87: Faturamento
A89: Compra | F89: Compra | H89: =G90*5% -> 0
A90: Faturamento | F90: Faturamento
F92: TOTAL VENDA | G92: =SUM(G90,G87,G84,G81,G78,G75,G72,G69,G66,G63,G60,G57,G54,G51,G48,G45,G42,G39,G36,G33,G30,G27,G24,G21,G18,G15,G12,G9,G6,G3) -> 0 | H92: TOTAL COMISSÃO
H93: =H2+H5+H8+H11+H14+H17+H20+H23+H26+H29+H32+H35+H38+H41+H44+H47+H50+H53+H56+H59+H62+H65+H68+H71+H74+H77+H80+H83+H86+H89 -> 0

Sheet SMART BUY
A1: Data | C1: Fornecedor | D1: Pedido | E1: NFE | F1: Valor | H1: Comissão
A2: Compra | F2: Compra | H2: =G3*5% -> 0
A3: Faturamento | F3: Faturamento
J4: Voltar ao Inicio
A5: Compra | F5: Compra | H5: =G6*5% -> 0
A6: Faturamento | F6: Faturamento
A8: Compra | F8: Compra | H8: =G9*5% -> 0
A9: Faturamento | F9: Faturamento
A11: Compra | F11: Compra | H11: =G12*5% -> 0
A12: Faturamento | F12: Faturamento
A14: Compra | F14: Compra | H14: =G15*5% -> 0
A15: Faturamento | F15: Faturamento
A17: Compra | F17: Compra | H17: =G18*5% -> 0
A18: Faturamento | F18: Faturamento
A20: Compra | F20: Compra | H20: =G21*5% -> 0
A21: Faturamento | F21: Faturamento
A23: Compra | F23: Compra | H23: =G24*5% -> 0
A24: Faturamento | F24: Faturamento
A26: Compra | F26: Compra | H26: =G27*5% -> 0
A27: Faturamento | F27: Faturamento
A29: Compra | F29: Compra | H29: =G30*5% -> 0
A30: Faturamento | F30: Faturamento
A32: Compra | F32: Compra | H32: =G33*5% -> 0
A33: Faturamento | F33: Faturamento
A35: Compra | F35: Compra | H35: =G36*5% -> 0
A36: Faturamento | F36: Faturamento
A38: Compra | F38: Compra | H38: =G39*5% -> 0
A39: Faturamento | F39: Faturamento
A41: Compra | F41: Compra | H41: =G42*5% -> 0
A42: Faturamento | F42: Faturamento
A44: Compra | F44: Compra | H44: =G45*5% -> 0
A45: Faturamento | F45: Faturamento
A47: Compra | F47: Compra | H47: =G48*5% -> 0
A48: Faturamento | F48: Faturamento
A50: Compra | F50: Compra | H50: =G51*5% -> 0
A51: Faturamento | F51: Faturamento
A53: Compra | F53: Compra | H53: =G54*5% -> 0
A54: Faturamento | F54: Faturamento
A56: Compra | F56: Compra | H56: =G57*5% -> 0
A57: Faturamento | F57: Faturamento
A59: Compra | F59: Compra | H59: =G60*5% -> 0
A60: Faturamento | F60: Faturamento
A62: Compra | F62: Compra | H62: =G63*5% -> 0
A63: Faturamento | F63: Faturamento
A65: Compra | F65: Compra | H65: =G66*5% -> 0
A66: Faturamento | F66: Faturamento
A68: Compra | F68: Compra | H68: =G69*5% -> 0
A69: Faturamento | F69: Faturamento
A71: Compra | F71: Compra | H71: =G72*5% -> 0
A72: Faturamento | F72: Faturamento
A74: Compra | F74: Compra | H74: =G75*5% -> 0
A75: Faturamento | F75: Faturamento
A77: Compra | F77: Compra | H77: =G78*5% -> 0
A78: Faturamento | F78: Faturamento
A80: Compra | F80: Compra | H80: =G81*5% -> 0
A81: Faturamento | F81: Faturamento
A83: Compra | F83: Compra | H83: =G84*5% -> 0
A84: Faturamento | F84: Faturamento
A86: Compra | F86: Compra | H86: =G87*5% -> 0
A87: Faturamento | F87: Faturamento
A89: Compra | F89: Compra | H89: =G90*5% -> 0
A90: Faturamento | F90: Faturamento
F92: TOTAL VENDA | G92: =SUM(G90,G87,G84,G81,G78,G75,G72,G69,G66,G63,G60,G57,G54,G51,G48,G45,G42,G39,G36,G33,G30,G27,G24,G21,G18,G15,G12,G9,G6,G3) -> 0 | H92: TOTAL COMISSÃO
H93: =H2+H5+H8+H11+H14+H17+H20+H23+H26+H29+H32+H35+H38+H41+H44+H47+H50+H53+H56+H59+H62+H65+H68+H71+H74+H77+H80+H83+H86+H89 -> 0

Sheet EMBALEME COMERCIO
A1: Data | C1: Fornecedor | D1: Pedido | E1: NFE | F1: Valor | H1: Comissão
A2: Compra | F2: Compra | H2: =G3*10% -> 0
A3: Faturamento | F3: Faturamento
J4: Voltar ao Inicio
A5: Compra | F5: Compra | H5: =G6*4% -> 0
A6: Faturamento | F6: Faturamento
A8: Compra | F8: Compra | H8: =G9*5% -> 0
A9: Faturamento | F9: Faturamento
A11: Compra | F11: Compra | H11: =G12*2% -> 0
A12: Faturamento | F12: Faturamento
A14: Compra | F14: Compra | H14: =G15*6% -> 0
A15: Faturamento | F15: Faturamento
A17: Compra | F17: Compra | H17: =G18*5% -> 0
A18: Faturamento | F18: Faturamento
A20: Compra | F20: Compra | H20: =G21*5% -> 0
A21: Faturamento | F21: Faturamento
A23: Compra | F23: Compra | H23: =G24*5% -> 0
A24: Faturamento | F24: Faturamento
A26: Compra | F26: Compra | H26: =G27*5% -> 0
A27: Faturamento | F27: Faturamento
A29: Compra | F29: Compra | H29: =G30*5% -> 0
A30: Faturamento | F30: Faturamento
A32: Compra | F32: Compra | H32: =G33*5% -> 0
A33: Faturamento | F33: Faturamento
A35: Compra | F35: Compra | H35: =G36*2.5% -> 0
A36: Faturamento | F36: Faturamento
A38: Compra | F38: Compra | H38: =G39*4.3% -> 0
A39: Faturamento | F39: Faturamento
A41: Compra | F41: Compra | H41: =G42*5% -> 0
A42: Faturamento | F42: Faturamento
A44: Compra | F44: Compra | H44: =G45*5% -> 0
A45: Faturamento | F45: Faturamento
A47: Compra | F47: Compra | H47: =G48*5% -> 0
A48: Faturamento | F48: Faturamento
A50: Compra | F50: Compra | H50: =G51*8% -> 0
A51: Faturamento | F51: Faturamento
A53: Compra | F53: Compra | H53: =G54*5% -> 0
A54: Faturamento | F54: Faturamento
A56: Compra | F56: Compra | H56: =G57*2% -> 0
A57: Faturamento | F57: Faturamento
A59: Compra | F59: Compra | H59: =G60*5% -> 0
A60: Faturamento | F60: Faturamento
A62: Compra | F62: Compra | H62: =G63*5% -> 0
A63: Faturamento | F63: Faturamento
A65: Compra | F65: Compra | H65: =G66*5% -> 0
A66: Faturamento | F66: Faturamento
A68: Compra | F68: Compra | H68: =G69*2% -> 0
A69: Faturamento | F69: Faturamento
A71: Compra | F71: Compra | H71: =G72*5% -> 0
A72: Faturamento | F72: Faturamento
A74: Compra | F74: Compra | H74: =G75*5% -> 0
A75: Faturamento | F75: Faturamento
A77: Compra | F77: Compra | H77: =G78*5% -> 0
A78: Faturamento | F78: Faturamento
A80: Compra | F80: Compra | H80: =G81*5% -> 0
A81: Faturamento | F81: Faturamento
A83: Compra | F83: Compra | H83: =G84*5% -> 0
A84: Faturamento | F84: Faturamento
A86: Compra | F86: Compra | H86: =G87*5% -> 0
A87: Faturamento | F87: Faturamento
A89: Compra | F89: Compra | H89: =G90*5% -> 0
A90: Faturamento | F90: Faturamento
F92: TOTAL VENDA | G92: =SUM(G90,G87,G84,G81,G78,G75,G72,G69,G66,G63,G60,G57,G54,G51,G48,G45,G42,G39,G36,G33,G30,G27,G24,G21,G18,G15,G12,G9,G6,G3) -> 0 | H92: TOTAL COMISSÃO
H93: =H2+H5+H8+H11+H14+H17+H20+H23+H26+H29+H32+H35+H38+H41+H44+H47+H50+H53+H56+H59+H62+H65+H68+H71+H74+H77+H80+H83+H86+H89 -> 0

Sheet DECAZZA COM
A1: Data | C1: Fornecedor | D1: Pedido | E1: NFE | F1: Valor | H1: Comissão
A2: Compra | F2: Compra | H2: =G3*5% -> 0
A3: Faturamento | F3: Faturamento
J4: Voltar ao Inicio
A5: Compra | F5: Compra | H5: =G6*5% -> 0
A6: Faturamento | F6: Faturamento
A8: Compra | F8: Compra | H8: =G9*5% -> 0
A9: Faturamento | F9: Faturamento
A11: Compra | F11: Compra | H11: =G12*3.5% -> 0
A12: Faturamento | F12: Faturamento
A14: Compra | F14: Compra | H14: =G15*3.5% -> 0
A15: Faturamento | F15: Faturamento
A17: Compra | F17: Compra | H17: =G18*3.5% -> 0
A18: Faturamento | F18: Faturamento
A20: Compra | F20: Compra | H20: =G21*5% -> 0
A21: Faturamento | F21: Faturamento
A23: Compra | F23: Compra | H23: =G24*5% -> 0
A24: Faturamento | F24: Faturamento
A26: Compra | F26: Compra | H26: =G27*5% -> 0
A27: Faturamento | F27: Faturamento
A29: Compra | F29: Compra | H29: =G30*4% -> 0
A30: Faturamento | F30: Faturamento
A32: Compra | F32: Compra | H32: =G33*5% -> 0
A33: Faturamento | F33: Faturamento
A35: Compra | F35: Compra | H35: =G36*5% -> 0
A36: Faturamento | F36: Faturamento
A38: Compra | F38: Compra | H38: =G39*2.5% -> 0
A39: Faturamento | F39: Faturamento
A41: Compra | F41: Compra | H41: =G42*5% -> 0
A42: Faturamento | F42: Faturamento
A44: Compra | F44: Compra | H44: =G45*5% -> 0
A45: Faturamento | F45: Faturamento
A47: Compra | F47: Compra | H47: =G48*3.8% -> 0
A48: Faturamento | F48: Faturamento
A50: Compra | F50: Compra | H50: =G51*3.4% -> 0
A51: Faturamento | F51: Faturamento
A53: Compra | F53: Compra | H53: =G54*5% -> 0
A54: Faturamento | F54: Faturamento
A56: Compra | F56: Compra | H56: =G57*5% -> 0
A57: Faturamento | F57: Faturamento
A59: Compra | F59: Compra | H59: =G60*2.5% -> 0
A60: Faturamento | F60: Faturamento
A62: Compra | F62: Compra | H62: =G63*2% -> 0
A63: Faturamento | F63: Faturamento
A65: Compra | F65: Compra | H65: =G66*5% -> 0
A66: Faturamento | F66: Faturamento
A68: Compra | F68: Compra | H68: =G69*5% -> 0
A69: Faturamento | F69: Faturamento
A71: Compra | F71: Compra | H71: =G72*5% -> 0
A72: Faturamento | F72: Faturamento
A74: Compra | F74: Compra | H74: =G75*5% -> 0
A75: Faturamento | F75: Faturamento
A77: Compra | F77: Compra | H77: =G78*5% -> 0
A78: Faturamento | F78: Faturamento
A80: Compra | F80: Compra | H80: =G81*5% -> 0
A81: Faturamento | F81: Faturamento
A83: Compra | F83: Compra | H83: =G84*5% -> 0
A84: Faturamento | F84: Faturamento
A86: Compra | F86: Compra | H86: =G87*5% -> 0
A87: Faturamento | F87: Faturamento
A89: Compra | F89: Compra | H89: =G90*5% -> 0
A90: Faturamento | F90: Faturamento
F92: TOTAL VENDA | G92: =SUM(G90,G87,G84,G81,G78,G75,G72,G69,G66,G63,G60,G57,G54,G51,G48,G45,G42,G39,G36,G33,G30,G27,G24,G21,G18,G15,G12,G9,G6,G3) -> 0 | H92: TOTAL COMISSÃO
H93: =H2+H5+H8+H11+H14+H17+H20+H23+H26+H29+H32+H35+H38+H41+H44+H47+H50+H53+H56+H59+H62+H65+H68+H71+H74+H77+H80+H83+H86+H89 -> 0

Sheet CRIS KING BIJU
A1: Data | C1: Fornecedor | D1: Pedido | E1: NFE | F1: Valor | H1: Comissão
A2: Compra | F2: Compra | H2: =G3*6% -> 0
A3: Faturamento | F3: Faturamento
J4: Voltar ao Inicio
A5: Compra | F5: Compra | H5: =G6*5% -> 0
A6: Faturamento | F6: Faturamento
A8: Compra | F8: Compra | H8: =G9*5% -> 0
A9: Faturamento | F9: Faturamento
A11: Compra | F11: Compra | H11: =G12*5% -> 0
A12: Faturamento | F12: Faturamento
A14: Compra | F14: Compra | H14: =G15*5% -> 0
A15: Faturamento | F15: Faturamento
A17: Compra | F17: Compra | H17: =G18*5% -> 0
A18: Faturamento | F18: Faturamento
A20: Compra | F20: Compra | H20: =G21*5% -> 0
A21: Faturamento | F21: Faturamento
A23: Compra | F23: Compra | H23: =G24*5% -> 0
A24: Faturamento | F24: Faturamento
A26: Compra | F26: Compra | H26: =G27*5% -> 0
A27: Faturamento | F27: Faturamento
A29: Compra | F29: Compra | H29: =G30*5% -> 0
A30: Faturamento | F30: Faturamento
A32: Compra | F32: Compra | H32: =G33*5% -> 0
A33: Faturamento | F33: Faturamento
A35: Compra | F35: Compra | H35: =G36*5% -> 0
A36: Faturamento | F36: Faturamento
A38: Compra | F38: Compra | H38: =G39*5% -> 0
A39: Faturamento | F39: Faturamento
A41: Compra | F41: Compra | H41: =G42*5% -> 0
A42: Faturamento | F42: Faturamento
A44: Compra | F44: Compra | H44: =G45*5% -> 0
A45: Faturamento | F45: Faturamento
A47: Compra | F47: Compra | H47: =G48*5% -> 0
A48: Faturamento | F48: Faturamento
A50: Compra | F50: Compra | H50: =G51*5% -> 0
A51: Faturamento | F51: Faturamento
A53: Compra | F53: Compra | H53: =G54*5% -> 0
A54: Faturamento | F54: Faturamento
A56: Compra | F56: Compra | H56: =G57*5% -> 0
A57: Faturamento | F57: Faturamento
A59: Compra | F59: Compra | H59: =G60*5% -> 0
A60: Faturamento | F60: Faturamento
A62: Compra | F62: Compra | H62: =G63*5% -> 0
A63: Faturamento | F63: Faturamento
A65: Compra | F65: Compra | H65: =G66*5% -> 0
A66: Faturamento | F66: Faturamento
A68: Compra | F68: Compra | H68: =G69*5% -> 0
A69: Faturamento | F69: Faturamento
A71: Compra | F71: Compra | H71: =G72*5% -> 0
A72: Faturamento | F72: Faturamento
A74: Compra | F74: Compra | H74: =G75*5% -> 0
A75: Faturamento | F75: Faturamento
A77: Compra | F77: Compra | H77: =G78*5% -> 0
A78: Faturamento | F78: Faturamento
A80: Compra | F80: Compra | H80: =G81*5% -> 0
A81: Faturamento | F81: Faturamento
A83: Compra | F83: Compra | H83: =G84*5% -> 0
A84: Faturamento | F84: Faturamento
A86: Compra | F86: Compra | H86: =G87*5% -> 0
A87: Faturamento | F87: Faturamento
A89: Compra | F89: Compra | H89: =G90*5% -> 0
A90: Faturamento | F90: Faturamento
F92: TOTAL VENDA | G92: =SUM(G90,G87,G84,G81,G78,G75,G72,G69,G66,G63,G60,G57,G54,G51,G48,G45,G42,G39,G36,G33,G30,G27,G24,G21,G18,G15,G12,G9,G6,G3) -> 0 | H92: TOTAL COMISSÃO
H93: =H2+H5+H8+H11+H14+H17+H20+H23+H26+H29+H32+H35+H38+H41+H44+H47+H50+H53+H56+H59+H62+H65+H68+H71+H74+H77+H80+H83+H86+H89 -> 0

Sheet COM. BRAS RAIMUNDO
A1: Data | C1: Fornecedor | D1: Pedido | E1: NFE | F1: Valor | H1: Comissão
A2: Compra | F2: Compra | H2: =G3*6% -> 0
A3: Faturamento | F3: Faturamento
J4: Voltar ao Inicio
A5: Compra | F5: Compra | H5: =G6*6% -> 0
A6: Faturamento | F6: Faturamento
A8: Compra | F8: Compra | H8: =G9*5% -> 0
A9: Faturamento | F9: Faturamento
A11: Compra | F11: Compra | H11: =G12*5% -> 0
A12: Faturamento | F12: Faturamento
A14: Compra | F14: Compra | H14: =G15*5% -> 0
A15: Faturamento | F15: Faturamento
A17: Compra | F17: Compra | H17: =G18*5% -> 0
A18: Faturamento | F18: Faturamento
A20: Compra | F20: Compra | H20: =G21*5% -> 0
A21: Faturamento | F21: Faturamento
A23: Compra | F23: Compra | H23: =G24*5% -> 0
A24: Faturamento | F24: Faturamento
A26: Compra | F26: Compra | H26: =G27*5% -> 0
A27: Faturamento | F27: Faturamento
A29: Compra | F29: Compra | H29: =G30*5% -> 0
A30: Faturamento | F30: Faturamento
A32: Compra | F32: Compra | H32: =G33*5% -> 0
A33: Faturamento | F33: Faturamento
A35: Compra | F35: Compra | H35: =G36*5% -> 0
A36: Faturamento | F36: Faturamento
A38: Compra | F38: Compra | H38: =G39*5% -> 0
A39: Faturamento | F39: Faturamento
A41: Compra | F41: Compra | H41: =G42*5% -> 0
A42: Faturamento | F42: Faturamento
A44: Compra | F44: Compra | H44: =G45*5% -> 0
A45: Faturamento | F45: Faturamento
A47: Compra | F47: Compra | H47: =G48*5% -> 0
A48: Faturamento | F48: Faturamento
A50: Compra | F50: Compra | H50: =G51*5% -> 0
A51: Faturamento | F51: Faturamento
A53: Compra | F53: Compra | H53: =G54*5% -> 0
A54: Faturamento | F54: Faturamento
A56: Compra | F56: Compra | H56: =G57*5% -> 0
A57: Faturamento | F57: Faturamento
A59: Compra | F59: Compra | H59: =G60*5% -> 0
A60: Faturamento | F60: Faturamento
A62: Compra | F62: Compra | H62: =G63*5% -> 0
A63: Faturamento | F63: Faturamento
A65: Compra | F65: Compra | H65: =G66*5% -> 0
A66: Faturamento | F66: Faturamento
A68: Compra | F68: Compra | H68: =G69*5% -> 0
A69: Faturamento | F69: Faturamento
A71: Compra | F71: Compra | H71: =G72*5% -> 0
A72: Faturamento | F72: Faturamento
A74: Compra | F74: Compra | H74: =G75*5% -> 0
A75: Faturamento | F75: Faturamento
A77: Compra | F77: Compra | H77: =G78*5% -> 0
A78: Faturamento | F78: Faturamento
A80: Compra | F80: Compra | H80: =G81*5% -> 0
A81: Faturamento | F81: Faturamento
A83: Compra | F83: Compra | H83: =G84*5% -> 0
A84: Faturamento | F84: Faturamento
A86: Compra | F86: Compra | H86: =G87*5% -> 0
A87: Faturamento | F87: Faturamento
A89: Compra | F89: Compra | H89: =G90*5% -> 0
A90: Faturamento | F90: Faturamento
F92: TOTAL VENDA | G92: =SUM(G90,G87,G84,G81,G78,G75,G72,G69,G66,G63,G60,G57,G54,G51,G48,G45,G42,G39,G36,G33,G30,G27,G24,G21,G18,G15,G12,G9,G6,G3) -> 0 | H92: TOTAL COMISSÃO
H93: =H2+H5+H8+H11+H14+H17+H20+H23+H26+H29+H32+H35+H38+H41+H44+H47+H50+H53+H56+H59+H62+H65+H68+H71+H74+H77+H80+H83+H86+H89 -> 0

Sheet DISTR. GOMES LISBOA
A1: Data | C1: Fornecedor | D1: Pedido | E1: NFE | F1: Valor | H1: Comissão
A2: Compra | F2: Compra | H2: =G3*6% -> 0
A3: Faturamento | F3: Faturamento
J4: Voltar ao Inicio
A5: Compra | F5: Compra | H5: =G6*5% -> 0
A6: Faturamento | F6: Faturamento
A8: Compra | F8: Compra | H8: =G9*5% -> 0
A9: Faturamento | F9: Faturamento
A11: Compra | F11: Compra | H11: =G12*5% -> 0
A12: Faturamento | F12: Faturamento
A14: Compra | F14: Compra | H14: =G15*5% -> 0
A15: Faturamento | F15: Faturamento
A17: Compra | F17: Compra | H17: =G18*5% -> 0
A18: Faturamento | F18: Faturamento
A20: Compra | F20: Compra | H20: =G21*5% -> 0
A21: Faturamento | F21: Faturamento
A23: Compra | F23: Compra | H23: =G24*5% -> 0
A24: Faturamento | F24: Faturamento
A26: Compra | F26: Compra | H26: =G27*5% -> 0
A27: Faturamento | F27: Faturamento
A29: Compra | F29: Compra | H29: =G30*5% -> 0
A30: Faturamento | F30: Faturamento
A32: Compra | F32: Compra | H32: =G33*5% -> 0
A33: Faturamento | F33: Faturamento
A35: Compra | F35: Compra | H35: =G36*5% -> 0
A36: Faturamento | F36: Faturamento
A38: Compra | F38: Compra | H38: =G39*5% -> 0
A39: Faturamento | F39: Faturamento
A41: Compra | F41: Compra | H41: =G42*5% -> 0
A42: Faturamento | F42: Faturamento
A44: Compra | F44: Compra | H44: =G45*5% -> 0
A45: Faturamento | F45: Faturamento
A47: Compra | F47: Compra | H47: =G48*5% -> 0
A48: Faturamento | F48: Faturamento
A50: Compra | F50: Compra | H50: =G51*5% -> 0
A51: Faturamento | F51: Faturamento
A53: Compra | F53: Compra | H53: =G54*5% -> 0
A54: Faturamento | F54: Faturamento
A56: Compra | F56: Compra | H56: =G57*5% -> 0
A57: Faturamento | F57: Faturamento
A59: Compra | F59: Compra | H59: =G60*5% -> 0
A60: Faturamento | F60: Faturamento
A62: Compra | F62: Compra | H62: =G63*5% -> 0
A63: Faturamento | F63: Faturamento
A65: Compra | F65: Compra | H65: =G66*5% -> 0
A66: Faturamento | F66: Faturamento
A68: Compra | F68: Compra | H68: =G69*5% -> 0
A69: Faturamento | F69: Faturamento
A71: Compra | F71: Compra | H71: =G72*5% -> 0
A72: Faturamento | F72: Faturamento
A74: Compra | F74: Compra | H74: =G75*5% -> 0
A75: Faturamento | F75: Faturamento
A77: Compra | F77: Compra | H77: =G78*5% -> 0
A78: Faturamento | F78: Faturamento
A80: Compra | F80: Compra | H80: =G81*5% -> 0
A81: Faturamento | F81: Faturamento
A83: Compra | F83: Compra | H83: =G84*5% -> 0
A84: Faturamento | F84: Faturamento
A86: Compra | F86: Compra | H86: =G87*5% -> 0
A87: Faturamento | F87: Faturamento
A89: Compra | F89: Compra | H89: =G90*5% -> 0
A90: Faturamento | F90: Faturamento
F92: TOTAL VENDA | G92: =SUM(G90,G87,G84,G81,G78,G75,G72,G69,G66,G63,G60,G57,G54,G51,G48,G45,G42,G39,G36,G33,G30,G27,G24,G21,G18,G15,G12,G9,G6,G3) -> 0 | H92: TOTAL COMISSÃO
H93: =H2+H5+H8+H11+H14+H17+H20+H23+H26+H29+H32+H35+H38+H41+H44+H47+H50+H53+H56+H59+H62+H65+H68+H71+H74+H77+H80+H83+H86+H89 -> 0

Sheet VERENA VAREJISTA
A1: Data | C1: Fornecedor | D1: Pedido | E1: NFE | F1: Valor | H1: Comissão
A2: Compra | F2: Compra | H2: =G3*4% -> 0
A3: Faturamento | F3: Faturamento
J4: Voltar ao Inicio
A5: Compra | F5: Compra | H5: =G6*5% -> 0
A6: Faturamento | F6: Faturamento
A8: Compra | F8: Compra | H8: =G9*5% -> 0
A9: Faturamento | F9: Faturamento
A11: Compra | F11: Compra | H11: =G12*5% -> 0
A12: Faturamento | F12: Faturamento
A14: Compra | F14: Compra | H14: =G15*5% -> 0
A15: Faturamento | F15: Faturamento
A17: Compra | F17: Compra | H17: =G18*5% -> 0
A18: Faturamento | F18: Faturamento
A20: Compra | F20: Compra | H20: =G21*5% -> 0
A21: Faturamento | F21: Faturamento
A23: Compra | F23: Compra | H23: =G24*5% -> 0
A24: Faturamento | F24: Faturamento
A26: Compra | F26: Compra | H26: =G27*5% -> 0
A27: Faturamento | F27: Faturamento
A29: Compra | F29: Compra | H29: =G30*5% -> 0
A30: Faturamento | F30: Faturamento
A32: Compra | F32: Compra | H32: =G33*5% -> 0
A33: Faturamento | F33: Faturamento
A35: Compra | F35: Compra | H35: =G36*5% -> 0
A36: Faturamento | F36: Faturamento
A38: Compra | F38: Compra | H38: =G39*5% -> 0
A39: Faturamento | F39: Faturamento
A41: Compra | F41: Compra | H41: =G42*5% -> 0
A42: Faturamento | F42: Faturamento
A44: Compra | F44: Compra | H44: =G45*5% -> 0
A45: Faturamento | F45: Faturamento
A47: Compra | F47: Compra | H47: =G48*5% -> 0
A48: Faturamento | F48: Faturamento
A50: Compra | F50: Compra | H50: =G51*5% -> 0
A51: Faturamento | F51: Faturamento
A53: Compra | F53: Compra | H53: =G54*5% -> 0
A54: Faturamento | F54: Faturamento
A56: Compra | F56: Compra | H56: =G57*5% -> 0
A57: Faturamento | F57: Faturamento
A59: Compra | F59: Compra | H59: =G60*5% -> 0
A60: Faturamento | F60: Faturamento
A62: Compra | F62: Compra | H62: =G63*5% -> 0
A63: Faturamento | F63: Faturamento
A65: Compra | F65: Compra | H65: =G66*5% -> 0
A66: Faturamento | F66: Faturamento
A68: Compra | F68: Compra | H68: =G69*5% -> 0
A69: Faturamento | F69: Faturamento
A71: Compra | F71: Compra | H71: =G72*5% -> 0
A72: Faturamento | F72: Faturamento
A74: Compra | F74: Compra | H74: =G75*5% -> 0
A75: Faturamento | F75: Faturamento
A77: Compra | F77: Compra | H77: =G78*5% -> 0
A78: Faturamento | F78: Faturamento
A80: Compra | F80: Compra | H80: =G81*5% -> 0
A81: Faturamento | F81: Faturamento
A83: Compra | F83: Compra | H83: =G84*5% -> 0
A84: Faturamento | F84: Faturamento
A86: Compra | F86: Compra | H86: =G87*5% -> 0
A87: Faturamento | F87: Faturamento
A89: Compra | F89: Compra | H89: =G90*5% -> 0
A90: Faturamento | F90: Faturamento
F92: TOTAL VENDA | G92: =SUM(G90,G87,G84,G81,G78,G75,G72,G69,G66,G63,G60,G57,G54,G51,G48,G45,G42,G39,G36,G33,G30,G27,G24,G21,G18,G15,G12,G9,G6,G3) -> 0 | H92: TOTAL COMISSÃO
H93: =H2+H5+H8+H11+H14+H17+H20+H23+H26+H29+H32+H35+H38+H41+H44+H47+H50+H53+H56+H59+H62+H65+H68+H71+H74+H77+H80+H83+H86+H89 -> 0

Sheet LOJÃO CASA SILVA
A1: Data | C1: Fornecedor | D1: Pedido | E1: NFE | F1: Valor | H1: Comissão
A2: Compra | F2: Compra | H2: =G3*6% -> 0
A3: Faturamento | F3: Faturamento
J4: Voltar ao Inicio
A5: Compra | F5: Compra | H5: =G6*6% -> 0
A6: Faturamento | F6: Faturamento
A8: Compra | F8: Compra | H8: =G9*2.5% -> 0
A9: Faturamento | F9: Faturamento
A11: Compra | F11: Compra | H11: =G12*2% -> 0
A12: Faturamento | F12: Faturamento
A14: Compra | F14: Compra | H14: =G15*5% -> 0
A15: Faturamento | F15: Faturamento
A17: Compra | F17: Compra | H17: =G18*2% -> 0
A18: Faturamento | F18: Faturamento
A20: Compra | F20: Compra | H20: =G21*5% -> 0
A21: Faturamento | F21: Faturamento
A23: Compra | F23: Compra | H23: =G24*5% -> 0
A24: Faturamento | F24: Faturamento
A26: Compra | F26: Compra | H26: =G27*5% -> 0
A27: Faturamento | F27: Faturamento
A29: Compra | F29: Compra | H29: =G30*5% -> 0
A30: Faturamento | F30: Faturamento
A32: Compra | F32: Compra | H32: =G33*5% -> 0
A33: Faturamento | F33: Faturamento
A35: Compra | F35: Compra | H35: =G36*5% -> 0
A36: Faturamento | F36: Faturamento
A38: Compra | F38: Compra | H38: =G39*5% -> 0
A39: Faturamento | F39: Faturamento
A41: Compra | F41: Compra | H41: =G42*5% -> 0
A42: Faturamento | F42: Faturamento
A44: Compra | F44: Compra | H44: =G45*5% -> 0
A45: Faturamento | F45: Faturamento
A47: Compra | F47: Compra | H47: =G48*5% -> 0
A48: Faturamento | F48: Faturamento
A50: Compra | F50: Compra | H50: =G51*5% -> 0
A51: Faturamento | F51: Faturamento
A53: Compra | F53: Compra | H53: =G54*5% -> 0
A54: Faturamento | F54: Faturamento
A56: Compra | F56: Compra | H56: =G57*5% -> 0
A57: Faturamento | F57: Faturamento
A59: Compra | F59: Compra | H59: =G60*5% -> 0
A60: Faturamento | F60: Faturamento
A62: Compra | F62: Compra | H62: =G63*5% -> 0
A63: Faturamento | F63: Faturamento
A65: Compra | F65: Compra | H65: =G66*5% -> 0
A66: Faturamento | F66: Faturamento
A68: Compra | F68: Compra | H68: =G69*5% -> 0
A69: Faturamento | F69: Faturamento
A71: Compra | F71: Compra | H71: =G72*5% -> 0
A72: Faturamento | F72: Faturamento
A74: Compra | F74: Compra | H74: =G75*5% -> 0
A75: Faturamento | F75: Faturamento
A77: Compra | F77: Compra | H77: =G78*5% -> 0
A78: Faturamento | F78: Faturamento
A80: Compra | F80: Compra | H80: =G81*5% -> 0
A81: Faturamento | F81: Faturamento
A83: Compra | F83: Compra | H83: =G84*5% -> 0
A84: Faturamento | F84: Faturamento
A86: Compra | F86: Compra | H86: =G87*5% -> 0
A87: Faturamento | F87: Faturamento
A89: Compra | F89: Compra | H89: =G90*5% -> 0
A90: Faturamento | F90: Faturamento
F92: TOTAL VENDA | G92: =SUM(G90,G87,G84,G81,G78,G75,G72,G69,G66,G63,G60,G57,G54,G51,G48,G45,G42,G39,G36,G33,G30,G27,G24,G21,G18,G15,G12,G9,G6,G3) -> 0 | H92: TOTAL COMISSÃO
H93: =H2+H5+H8+H11+H14+H17+H20+H23+H26+H29+H32+H35+H38+H41+H44+H47+H50+H53+H56+H59+H62+H65+H68+H71+H74+H77+H80+H83+H86+H89 -> 0

Sheet ALJATEC
A1: Data | C1: Fornecedor | D1: Pedido | E1: NFE | F1: Valor | H1: Comissão
A2: Compra | F2: Compra | H2: =G3*4% -> 0
A3: Faturamento | F3: Faturamento
J4: Voltar ao Inicio
A5: Compra | F5: Compra | H5: =G6*4% -> 0
A6: Faturamento | F6: Faturamento
A8: Compra | F8: Compra | H8: =G9*5% -> 0
A9: Faturamento | F9: Faturamento
A11: Compra | F11: Compra | H11: =G12*5% -> 0
A12: Faturamento | F12: Faturamento
A14: Compra | F14: Compra | H14: =G15*5% -> 0
A15: Faturamento | F15: Faturamento
A17: Compra | F17: Compra | H17: =G18*5% -> 0
A18: Faturamento | F18: Faturamento
A20: Compra | F20: Compra | H20: =G21*5% -> 0
A21: Faturamento | F21: Faturamento
A23: Compra | F23: Compra | H23: =G24*5% -> 0
A24: Faturamento | F24: Faturamento
A26: Compra | F26: Compra | H26: =G27*5% -> 0
A27: Faturamento | F27: Faturamento
A29: Compra | F29: Compra | H29: =G30*5% -> 0
A30: Faturamento | F30: Faturamento
A32: Compra | F32: Compra | H32: =G33*5% -> 0
A33: Faturamento | F33: Faturamento
A35: Compra | F35: Compra | H35: =G36*5% -> 0
A36: Faturamento | F36: Faturamento
A38: Compra | F38: Compra | H38: =G39*5% -> 0
A39: Faturamento | F39: Faturamento
A41: Compra | F41: Compra | H41: =G42*5% -> 0
A42: Faturamento | F42: Faturamento
A44: Compra | F44: Compra | H44: =G45*5% -> 0
A45: Faturamento | F45: Faturamento
A47: Compra | F47: Compra | H47: =G48*5% -> 0
A48: Faturamento | F48: Faturamento
A50: Compra | F50: Compra | H50: =G51*5% -> 0
A51: Faturamento | F51: Faturamento
A53: Compra | F53: Compra | H53: =G54*5% -> 0
A54: Faturamento | F54: Faturamento
A56: Compra | F56: Compra | H56: =G57*5% -> 0
A57: Faturamento | F57: Faturamento
A59: Compra | F59: Compra | H59: =G60*5% -> 0
A60: Faturamento | F60: Faturamento
A62: Compra | F62: Compra | H62: =G63*5% -> 0
A63: Faturamento | F63: Faturamento
A65: Compra | F65: Compra | H65: =G66*5% -> 0
A66: Faturamento | F66: Faturamento
A68: Compra | F68: Compra | H68: =G69*5% -> 0
A69: Faturamento | F69: Faturamento
A71: Compra | F71: Compra | H71: =G72*5% -> 0
A72: Faturamento | F72: Faturamento
A74: Compra | F74: Compra | H74: =G75*5% -> 0
A75: Faturamento | F75: Faturamento
A77: Compra | F77: Compra | H77: =G78*5% -> 0
A78: Faturamento | F78: Faturamento
A80: Compra | F80: Compra | H80: =G81*5% -> 0
A81: Faturamento | F81: Faturamento
A83: Compra | F83: Compra | H83: =G84*5% -> 0
A84: Faturamento | F84: Faturamento
A86: Compra | F86: Compra | H86: =G87*5% -> 0
A87: Faturamento | F87: Faturamento
A89: Compra | F89: Compra | H89: =G90*5% -> 0
A90: Faturamento | F90: Faturamento
F92: TOTAL VENDA | G92: =SUM(G90,G87,G84,G81,G78,G75,G72,G69,G66,G63,G60,G57,G54,G51,G48,G45,G42,G39,G36,G33,G30,G27,G24,G21,G18,G15,G12,G9,G6,G3) -> 0 | H92: TOTAL COMISSÃO
H93: =H2+H5+H8+H11+H14+H17+H20+H23+H26+H29+H32+H35+H38+H41+H44+H47+H50+H53+H56+H59+H62+H65+H68+H71+H74+H77+H80+H83+H86+H89 -> 0

Sheet SKR BEZERRA
A1: Data | C1: Fornecedor | D1: Pedido | E1: NFE | F1: Valor | H1: Comissão
A2: Compra | F2: Compra | H2: =G3*5% -> 0
A3: Faturamento | F3: Faturamento
J4: Voltar ao Inicio
A5: Compra | F5: Compra | H5: =G6*5% -> 0
A6: Faturamento | F6: Faturamento
A8: Compra | F8: Compra | H8: =G9*5% -> 0
A9: Faturamento | F9: Faturamento
A11: Compra | F11: Compra | H11: =G12*6% -> 0
A12: Faturamento | F12: Faturamento
A14: Compra | F14: Compra | H14: =G15*5% -> 0
A15: Faturamento | F15: Faturamento
A17: Compra | F17: Compra | H17: =G18*5% -> 0
A18: Faturamento | F18: Faturamento
A20: Compra | F20: Compra | H20: =G21*5% -> 0
A21: Faturamento | F21: Faturamento
A23: Compra | F23: Compra | H23: =G24*5% -> 0
A24: Faturamento | F24: Faturamento
A26: Compra | F26: Compra | H26: =G27*5% -> 0
A27: Faturamento | F27: Faturamento
A29: Compra | F29: Compra | H29: =G30*5% -> 0
A30: Faturamento | F30: Faturamento
A32: Compra | F32: Compra | H32: =G33*5% -> 0
A33: Faturamento | F33: Faturamento
A35: Compra | F35: Compra | H35: =G36*5% -> 0
A36: Faturamento | F36: Faturamento
A38: Compra | F38: Compra | H38: =G39*5% -> 0
A39: Faturamento | F39: Faturamento
A41: Compra | F41: Compra | H41: =G42*5% -> 0
A42: Faturamento | F42: Faturamento
A44: Compra | F44: Compra | H44: =G45*5% -> 0
A45: Faturamento | F45: Faturamento
A47: Compra | F47: Compra | H47: =G48*5% -> 0
A48: Faturamento | F48: Faturamento
A50: Compra | F50: Compra | H50: =G51*5% -> 0
A51: Faturamento | F51: Faturamento
A53: Compra | F53: Compra | H53: =G54*5% -> 0
A54: Faturamento | F54: Faturamento
A56: Compra | F56: Compra | H56: =G57*5% -> 0
A57: Faturamento | F57: Faturamento
A59: Compra | F59: Compra | H59: =G60*5% -> 0
A60: Faturamento | F60: Faturamento
A62: Compra | F62: Compra | H62: =G63*5% -> 0
A63: Faturamento | F63: Faturamento
A65: Compra | F65: Compra | H65: =G66*5% -> 0
A66: Faturamento | F66: Faturamento
A68: Compra | F68: Compra | H68: =G69*5% -> 0
A69: Faturamento | F69: Faturamento
A71: Compra | F71: Compra | H71: =G72*5% -> 0
A72: Faturamento | F72: Faturamento
A74: Compra | F74: Compra | H74: =G75*5% -> 0
A75: Faturamento | F75: Faturamento
A77: Compra | F77: Compra | H77: =G78*5% -> 0
A78: Faturamento | F78: Faturamento
A80: Compra | F80: Compra | H80: =G81*5% -> 0
A81: Faturamento | F81: Faturamento
A83: Compra | F83: Compra | H83: =G84*5% -> 0
A84: Faturamento | F84: Faturamento
A86: Compra | F86: Compra | H86: =G87*5% -> 0
A87: Faturamento | F87: Faturamento
A89: Compra | F89: Compra | H89: =G90*5% -> 0
A90: Faturamento | F90: Faturamento
F92: TOTAL VENDA | G92: =SUM(G90,G87,G84,G81,G78,G75,G72,G69,G66,G63,G60,G57,G54,G51,G48,G45,G42,G39,G36,G33,G30,G27,G24,G21,G18,G15,G12,G9,G6,G3) -> 0 | H92: TOTAL COMISSÃO
H93: =H2+H5+H8+H11+H14+H17+H20+H23+H26+H29+H32+H35+H38+H41+H44+H47+H50+H53+H56+H59+H62+H65+H68+H71+H74+H77+H80+H83+H86+H89 -> 0

Sheet FEST SHOW
A1: Data | C1: Fornecedor | D1: Pedido | E1: NFE | F1: Valor | H1: Comissão
A2: Compra | F2: Compra | H2: =G3*5% -> 0
A3: Faturamento | F3: Faturamento
J4: Voltar ao Inicio
A5: Compra | F5: Compra | H5: =G6*4.13% -> 0
A6: Faturamento | F6: Faturamento
A8: Compra | F8: Compra | H8: =G9*5% -> 0
A9: Faturamento | F9: Faturamento
A11: Compra | F11: Compra | H11: =G12*5% -> 0
A12: Faturamento | F12: Faturamento
A14: Compra | F14: Compra | H14: =G15*5% -> 0
A15: Faturamento | F15: Faturamento
A17: Compra | F17: Compra | H17: =G18*5% -> 0
A18: Faturamento | F18: Faturamento
A20: Compra | F20: Compra | H20: =G21*5% -> 0
A21: Faturamento | F21: Faturamento
A23: Compra | F23: Compra | H23: =G24*5% -> 0
A24: Faturamento | F24: Faturamento
A26: Compra | F26: Compra | H26: =G27*5% -> 0
A27: Faturamento | F27: Faturamento
A29: Compra | F29: Compra | H29: =G30*5% -> 0
A30: Faturamento | F30: Faturamento
A32: Compra | F32: Compra | H32: =G33*5% -> 0
A33: Faturamento | F33: Faturamento
A35: Compra | F35: Compra | H35: =G36*5% -> 0
A36: Faturamento | F36: Faturamento
A38: Compra | F38: Compra | H38: =G39*5% -> 0
A39: Faturamento | F39: Faturamento
A41: Compra | F41: Compra | H41: =G42*5% -> 0
A42: Faturamento | F42: Faturamento
A44: Compra | F44: Compra | H44: =G45*5% -> 0
A45: Faturamento | F45: Faturamento
A47: Compra | F47: Compra | H47: =G48*5% -> 0
A48: Faturamento | F48: Faturamento
A50: Compra | F50: Compra | H50: =G51*5% -> 0
A51: Faturamento | F51: Faturamento
A53: Compra | F53: Compra | H53: =G54*5% -> 0
A54: Faturamento | F54: Faturamento
A56: Compra | F56: Compra | H56: =G57*5% -> 0
A57: Faturamento | F57: Faturamento
A59: Compra | F59: Compra | H59: =G60*5% -> 0
A60: Faturamento | F60: Faturamento
A62: Compra | F62: Compra | H62: =G63*5% -> 0
A63: Faturamento | F63: Faturamento
A65: Compra | F65: Compra | H65: =G66*5% -> 0
A66: Faturamento | F66: Faturamento
A68: Compra | F68: Compra | H68: =G69*5% -> 0
A69: Faturamento | F69: Faturamento
A71: Compra | F71: Compra | H71: =G72*5% -> 0
A72: Faturamento | F72: Faturamento
A74: Compra | F74: Compra | H74: =G75*5% -> 0
A75: Faturamento | F75: Faturamento
A77: Compra | F77: Compra | H77: =G78*5% -> 0
A78: Faturamento | F78: Faturamento
A80: Compra | F80: Compra | H80: =G81*5% -> 0
A81: Faturamento | F81: Faturamento
A83: Compra | F83: Compra | H83: =G84*5% -> 0
A84: Faturamento | F84: Faturamento
A86: Compra | F86: Compra | H86: =G87*5% -> 0
A87: Faturamento | F87: Faturamento
A89: Compra | F89: Compra | H89: =G90*5% -> 0
A90: Faturamento | F90: Faturamento
F92: TOTAL VENDA | G92: =SUM(G90,G87,G84,G81,G78,G75,G72,G69,G66,G63,G60,G57,G54,G51,G48,G45,G42,G39,G36,G33,G30,G27,G24,G21,G18,G15,G12,G9,G6,G3) -> 0 | H92: TOTAL COMISSÃO
H93: =H2+H5+H8+H11+H14+H17+H20+H23+H26+H29+H32+H35+H38+H41+H44+H47+H50+H53+H56+H59+H62+H65+H68+H71+H74+H77+H80+H83+H86+H89 -> 0

Sheet + BAZAR
A1: Data | C1: Fornecedor | D1: Pedido | E1: NFE | F1: Valor | H1: Comissão
A2: Compra | F2: Compra | H2: =G3*5% -> 0
A3: Faturamento | F3: Faturamento
J4: Voltar ao Inicio
A5: Compra | F5: Compra | H5: =G6*5% -> 0
A6: Faturamento | F6: Faturamento
A8: Compra | F8: Compra | H8: =G9*5% -> 0
A9: Faturamento | F9: Faturamento
A11: Compra | F11: Compra | H11: =G12*6% -> 0
A12: Faturamento | F12: Faturamento
A14: Compra | F14: Compra | H14: =G15*5% -> 0
A15: Faturamento | F15: Faturamento
A17: Compra | F17: Compra | H17: =G18*5% -> 0
A18: Faturamento | F18: Faturamento
A20: Compra | F20: Compra | H20: =G21*5% -> 0
A21: Faturamento | F21: Faturamento
A23: Compra | F23: Compra | H23: =G24*5% -> 0
A24: Faturamento | F24: Faturamento
A26: Compra | F26: Compra | H26: =G27*5% -> 0
A27: Faturamento | F27: Faturamento
A29: Compra | F29: Compra | H29: =G30*5% -> 0
A30: Faturamento | F30: Faturamento
A32: Compra | F32: Compra | H32: =G33*5% -> 0
A33: Faturamento | F33: Faturamento
A35: Compra | F35: Compra | H35: =G36*5% -> 0
A36: Faturamento | F36: Faturamento
A38: Compra | F38: Compra | H38: =G39*5% -> 0
A39: Faturamento | F39: Faturamento
A41: Compra | F41: Compra | H41: =G42*5% -> 0
A42: Faturamento | F42: Faturamento
A44: Compra | F44: Compra | H44: =G45*5% -> 0
A45: Faturamento | F45: Faturamento
A47: Compra | F47: Compra | H47: =G48*5% -> 0
A48: Faturamento | F48: Faturamento
A50: Compra | F50: Compra | H50: =G51*5% -> 0
A51: Faturamento | F51: Faturamento
A53: Compra | F53: Compra | H53: =G54*5% -> 0
A54: Faturamento | F54: Faturamento
A56: Compra | F56: Compra | H56: =G57*5% -> 0
A57: Faturamento | F57: Faturamento
A59: Compra | F59: Compra | H59: =G60*5% -> 0
A60: Faturamento | F60: Faturamento
A62: Compra | F62: Compra | H62: =G63*5% -> 0
A63: Faturamento | F63: Faturamento
A65: Compra | F65: Compra | H65: =G66*5% -> 0
A66: Faturamento | F66: Faturamento
A68: Compra | F68: Compra | H68: =G69*5% -> 0
A69: Faturamento | F69: Faturamento
A71: Compra | F71: Compra | H71: =G72*5% -> 0
A72: Faturamento | F72: Faturamento
A74: Compra | F74: Compra | H74: =G75*5% -> 0
A75: Faturamento | F75: Faturamento
A77: Compra | F77: Compra | H77: =G78*5% -> 0
A78: Faturamento | F78: Faturamento
A80: Compra | F80: Compra | H80: =G81*5% -> 0
A81: Faturamento | F81: Faturamento
A83: Compra | F83: Compra | H83: =G84*5% -> 0
A84: Faturamento | F84: Faturamento
A86: Compra | F86: Compra | H86: =G87*5% -> 0
A87: Faturamento | F87: Faturamento
A89: Compra | F89: Compra | H89: =G90*5% -> 0
A90: Faturamento | F90: Faturamento
F92: TOTAL VENDA | G92: =SUM(G90,G87,G84,G81,G78,G75,G72,G69,G66,G63,G60,G57,G54,G51,G48,G45,G42,G39,G36,G33,G30,G27,G24,G21,G18,G15,G12,G9,G6,G3) -> 0 | H92: TOTAL COMISSÃO
H93: =H2+H5+H8+H11+H14+H17+H20+H23+H26+H29+H32+H35+H38+H41+H44+H47+H50+H53+H56+H59+H62+H65+H68+H71+H74+H77+H80+H83+H86+H89 -> 0

Sheet SUPERMERCADO RODRIGUES
A1: Data | C1: Fornecedor | D1: Pedido | E1: NFE | F1: Valor | H1: Comissão
A2: Compra | F2: Compra | H2: =G3*5% -> 0
A3: Faturamento | F3: Faturamento
J4: Voltar ao Inicio
A5: Compra | F5: Compra | H5: =G6*5% -> 0
A6: Faturamento | F6: Faturamento
A8: Compra | F8: Compra | H8: =G9*5% -> 0
A9: Faturamento | F9: Faturamento
A11: Compra | F11: Compra | H11: =G12*5% -> 0
A12: Faturamento | F12: Faturamento
A14: Compra | F14: Compra | H14: =G15*5% -> 0
A15: Faturamento | F15: Faturamento
A17: Compra | F17: Compra | H17: =G18*5% -> 0
A18: Faturamento | F18: Faturamento
A20: Compra | F20: Compra | H20: =G21*5% -> 0
A21: Faturamento | F21: Faturamento
A23: Compra | F23: Compra | H23: =G24*5% -> 0
A24: Faturamento | F24: Faturamento
A26: Compra | F26: Compra | H26: =G27*5% -> 0
A27: Faturamento | F27: Faturamento
A29: Compra | F29: Compra | H29: =G30*5% -> 0
A30: Faturamento | F30: Faturamento
A32: Compra | F32: Compra | H32: =G33*5% -> 0
A33: Faturamento | F33: Faturamento
A35: Compra | F35: Compra | H35: =G36*5% -> 0
A36: Faturamento | F36: Faturamento
A38: Compra | F38: Compra | H38: =G39*5% -> 0
A39: Faturamento | F39: Faturamento
A41: Compra | F41: Compra | H41: =G42*5% -> 0
A42: Faturamento | F42: Faturamento
A44: Compra | F44: Compra | H44: =G45*5% -> 0
A45: Faturamento | F45: Faturamento
A47: Compra | F47: Compra | H47: =G48*5% -> 0
A48: Faturamento | F48: Faturamento
A50: Compra | F50: Compra | H50: =G51*5% -> 0
A51: Faturamento | F51: Faturamento
A53: Compra | F53: Compra | H53: =G54*5% -> 0
A54: Faturamento | F54: Faturamento
A56: Compra | F56: Compra | H56: =G57*5% -> 0
A57: Faturamento | F57: Faturamento
A59: Compra | F59: Compra | H59: =G60*5% -> 0
A60: Faturamento | F60: Faturamento
A62: Compra | F62: Compra | H62: =G63*5% -> 0
A63: Faturamento | F63: Faturamento
A65: Compra | F65: Compra | H65: =G66*5% -> 0
A66: Faturamento | F66: Faturamento
A68: Compra | F68: Compra | H68: =G69*5% -> 0
A69: Faturamento | F69: Faturamento
A71: Compra | F71: Compra | H71: =G72*5% -> 0
A72: Faturamento | F72: Faturamento
A74: Compra | F74: Compra | H74: =G75*5% -> 0
A75: Faturamento | F75: Faturamento
A77: Compra | F77: Compra | H77: =G78*5% -> 0
A78: Faturamento | F78: Faturamento
A80: Compra | F80: Compra | H80: =G81*5% -> 0
A81: Faturamento | F81: Faturamento
A83: Compra | F83: Compra | H83: =G84*5% -> 0
A84: Faturamento | F84: Faturamento
A86: Compra | F86: Compra | H86: =G87*5% -> 0
A87: Faturamento | F87: Faturamento
A89: Compra | F89: Compra | H89: =G90*5% -> 0
A90: Faturamento | F90: Faturamento
F92: TOTAL VENDA | G92: =SUM(G90,G87,G84,G81,G78,G75,G72,G69,G66,G63,G60,G57,G54,G51,G48,G45,G42,G39,G36,G33,G30,G27,G24,G21,G18,G15,G12,G9,G6,G3) -> 0 | H92: TOTAL COMISSÃO
H93: =H2+H5+H8+H11+H14+H17+H20+H23+H26+H29+H32+H35+H38+H41+H44+H47+H50+H53+H56+H59+H62+H65+H68+H71+H74+H77+H80+H83+H86+H89 -> 0

Sheet COMERCIAL RONDONIA
A1: Data | C1: Fornecedor | D1: Pedido | E1: NFE | F1: Valor | H1: Comissão
A2: Compra | F2: Compra | H2: =G3*5% -> 0
A3: Faturamento | F3: Faturamento
J4: Voltar ao Inicio
A5: Compra | F5: Compra | H5: =G6*5% -> 0
A6: Faturamento | F6: Faturamento
A8: Compra | F8: Compra | H8: =G9*5% -> 0
A9: Faturamento | F9: Faturamento
A11: Compra | F11: Compra | H11: =G12*5% -> 0
A12: Faturamento | F12: Faturamento
A14: Compra | F14: Compra | H14: =G15*5% -> 0
A15: Faturamento | F15: Faturamento
A17: Compra | F17: Compra | H17: =G18*5% -> 0
A18: Faturamento | F18: Faturamento
A20: Compra | F20: Compra | H20: =G21*5% -> 0
A21: Faturamento | F21: Faturamento
A23: Compra | F23: Compra | H23: =G24*5% -> 0
A24: Faturamento | F24: Faturamento
A26: Compra | F26: Compra | H26: =G27*5% -> 0
A27: Faturamento | F27: Faturamento
A29: Compra | F29: Compra | H29: =G30*5% -> 0
A30: Faturamento | F30: Faturamento
A32: Compra | F32: Compra | H32: =G33*5% -> 0
A33: Faturamento | F33: Faturamento
A35: Compra | F35: Compra | H35: =G36*5% -> 0
A36: Faturamento | F36: Faturamento
A38: Compra | F38: Compra | H38: =G39*5% -> 0
A39: Faturamento | F39: Faturamento
A41: Compra | F41: Compra | H41: =G42*5% -> 0
A42: Faturamento | F42: Faturamento
A44: Compra | F44: Compra | H44: =G45*5% -> 0
A45: Faturamento | F45: Faturamento
A47: Compra | F47: Compra | H47: =G48*5% -> 0
A48: Faturamento | F48: Faturamento
A50: Compra | F50: Compra | H50: =G51*5% -> 0
A51: Faturamento | F51: Faturamento
A53: Compra | F53: Compra | H53: =G54*5% -> 0
A54: Faturamento | F54: Faturamento
A56: Compra | F56: Compra | H56: =G57*5% -> 0
A57: Faturamento | F57: Faturamento
A59: Compra | F59: Compra | H59: =G60*5% -> 0
A60: Faturamento | F60: Faturamento
A62: Compra | F62: Compra | H62: =G63*5% -> 0
A63: Faturamento | F63: Faturamento
A65: Compra | F65: Compra | H65: =G66*5% -> 0
A66: Faturamento | F66: Faturamento
A68: Compra | F68: Compra | H68: =G69*5% -> 0
A69: Faturamento | F69: Faturamento
A71: Compra | F71: Compra | H71: =G72*5% -> 0
A72: Faturamento | F72: Faturamento
A74: Compra | F74: Compra | H74: =G75*5% -> 0
A75: Faturamento | F75: Faturamento
A77: Compra | F77: Compra | H77: =G78*5% -> 0
A78: Faturamento | F78: Faturamento
A80: Compra | F80: Compra | H80: =G81*5% -> 0
A81: Faturamento | F81: Faturamento
A83: Compra | F83: Compra | H83: =G84*5% -> 0
A84: Faturamento | F84: Faturamento
A86: Compra | F86: Compra | H86: =G87*5% -> 0
A87: Faturamento | F87: Faturamento
A89: Compra | F89: Compra | H89: =G90*5% -> 0
A90: Faturamento | F90: Faturamento
F92: TOTAL VENDA | G92: =SUM(G90,G87,G84,G81,G78,G75,G72,G69,G66,G63,G60,G57,G54,G51,G48,G45,G42,G39,G36,G33,G30,G27,G24,G21,G18,G15,G12,G9,G6,G3) -> 0 | H92: TOTAL COMISSÃO
H93: =H2+H5+H8+H11+H14+H17+H20+H23+H26+H29+H32+H35+H38+H41+H44+H47+H50+H53+H56+H59+H62+H65+H68+H71+H74+H77+H80+H83+H86+H89 -> 0

Sheet DELL REI
A1: Data | C1: Fornecedor | D1: Pedido | E1: NFE | F1: Valor | H1: Comissão
A2: Compra | F2: Compra | H2: =G3*6% -> 0
A3: Faturamento | F3: Faturamento
J4: Voltar ao Inicio
A5: Compra | F5: Compra | H5: =G6*5% -> 0
A6: Faturamento | F6: Faturamento
A8: Compra | F8: Compra | H8: =G9*5% -> 0
A9: Faturamento | F9: Faturamento
A11: Compra | F11: Compra | H11: =G12*4% -> 0
A12: Faturamento | F12: Faturamento
A14: Compra | F14: Compra | H14: =G15*6% -> 0
A15: Faturamento | F15: Faturamento
A17: Compra | F17: Compra | H17: =G18*6% -> 0
A18: Faturamento | F18: Faturamento
A20: Compra | F20: Compra | H20: =G21*5% -> 0
A21: Faturamento | F21: Faturamento
A23: Compra | F23: Compra | H23: =G24*5% -> 0
A24: Faturamento | F24: Faturamento
A26: Compra | F26: Compra | H26: =G27*5% -> 0
A27: Faturamento | F27: Faturamento
A29: Compra | F29: Compra | H29: =G30*5% -> 0
A30: Faturamento | F30: Faturamento
A32: Compra | F32: Compra | H32: =G33*5% -> 0
A33: Faturamento | F33: Faturamento
A35: Compra | F35: Compra | H35: =G36*5% -> 0
A36: Faturamento | F36: Faturamento
A38: Compra | F38: Compra | H38: =G39*5% -> 0
A39: Faturamento | F39: Faturamento
A41: Compra | F41: Compra | H41: =G42*5% -> 0
A42: Faturamento | F42: Faturamento
A44: Compra | F44: Compra | H44: =G45*5% -> 0
A45: Faturamento | F45: Faturamento
A47: Compra | F47: Compra | H47: =G48*5% -> 0
A48: Faturamento | F48: Faturamento
A50: Compra | F50: Compra | H50: =G51*5% -> 0
A51: Faturamento | F51: Faturamento
A53: Compra | F53: Compra | H53: =G54*5% -> 0
A54: Faturamento | F54: Faturamento
A56: Compra | F56: Compra | H56: =G57*5% -> 0
A57: Faturamento | F57: Faturamento
A59: Compra | F59: Compra | H59: =G60*5% -> 0
A60: Faturamento | F60: Faturamento
A62: Compra | F62: Compra | H62: =G63*5% -> 0
A63: Faturamento | F63: Faturamento
A65: Compra | F65: Compra | H65: =G66*5% -> 0
A66: Faturamento | F66: Faturamento
A68: Compra | F68: Compra | H68: =G69*5% -> 0
A69: Faturamento | F69: Faturamento
A71: Compra | F71: Compra | H71: =G72*5% -> 0
A72: Faturamento | F72: Faturamento
A74: Compra | F74: Compra | H74: =G75*5% -> 0
A75: Faturamento | F75: Faturamento
A77: Compra | F77: Compra | H77: =G78*5% -> 0
A78: Faturamento | F78: Faturamento
A80: Compra | F80: Compra | H80: =G81*5% -> 0
A81: Faturamento | F81: Faturamento
A83: Compra | F83: Compra | H83: =G84*5% -> 0
A84: Faturamento | F84: Faturamento
A86: Compra | F86: Compra | H86: =G87*5% -> 0
A87: Faturamento | F87: Faturamento
A89: Compra | F89: Compra | H89: =G90*5% -> 0
A90: Faturamento | F90: Faturamento
F92: TOTAL VENDA | G92: =SUM(G90,G87,G84,G81,G78,G75,G72,G69,G66,G63,G60,G57,G54,G51,G48,G45,G42,G39,G36,G33,G30,G27,G24,G21,G18,G15,G12,G9,G6,G3) -> 0 | H92: TOTAL COMISSÃO
H93: =H2+H5+H8+H11+H14+H17+H20+H23+H26+H29+H32+H35+H38+H41+H44+H47+H50+H53+H56+H59+H62+H65+H68+H71+H74+H77+H80+H83+H86+H89 -> 0

Sheet 2H VARIEDADES
A1: Data | C1: Fornecedor | D1: Pedido | E1: NFE | F1: Valor | H1: Comissão
A2: Compra | F2: Compra | H2: =G3*5% -> 0
A3: Faturamento | F3: Faturamento
J4: Voltar ao Inicio
A5: Compra | F5: Compra | H5: =G6*5% -> 0
A6: Faturamento | F6: Faturamento
A8: Compra | F8: Compra | H8: =G9*5% -> 0
A9: Faturamento | F9: Faturamento
A11: Compra | F11: Compra | H11: =G12*5% -> 0
A12: Faturamento | F12: Faturamento
A14: Compra | F14: Compra | H14: =G15*5% -> 0
A15: Faturamento | F15: Faturamento
A17: Compra | F17: Compra | H17: =G18*6% -> 0
A18: Faturamento | F18: Faturamento
A20: Compra | F20: Compra | H20: =G21*3.8% -> 0
A21: Faturamento | F21: Faturamento
A23: Compra | F23: Compra | H23: =G24*5% -> 0
A24: Faturamento | F24: Faturamento
A26: Compra | F26: Compra | H26: =G27*5% -> 0
A27: Faturamento | F27: Faturamento
A29: Compra | F29: Compra | H29: =G30*5% -> 0
A30: Faturamento | F30: Faturamento
A32: Compra | F32: Compra | H32: =G33*5% -> 0
A33: Faturamento | F33: Faturamento
A35: Compra | F35: Compra | H35: =G36*5% -> 0
A36: Faturamento | F36: Faturamento
A38: Compra | F38: Compra | H38: =G39*5% -> 0
A39: Faturamento | F39: Faturamento
A41: Compra | F41: Compra | H41: =G42*5% -> 0
A42: Faturamento | F42: Faturamento
A44: Compra | F44: Compra | H44: =G45*5% -> 0
A45: Faturamento | F45: Faturamento
A47: Compra | F47: Compra | H47: =G48*5% -> 0
A48: Faturamento | F48: Faturamento
A50: Compra | F50: Compra | H50: =G51*5% -> 0
A51: Faturamento | F51: Faturamento
A53: Compra | F53: Compra | H53: =G54*5% -> 0
A54: Faturamento | F54: Faturamento
A56: Compra | F56: Compra | H56: =G57*5% -> 0
A57: Faturamento | F57: Faturamento
A59: Compra | F59: Compra | H59: =G60*5% -> 0
A60: Faturamento | F60: Faturamento
A62: Compra | F62: Compra | H62: =G63*5% -> 0
A63: Faturamento | F63: Faturamento
A65: Compra | F65: Compra | H65: =G66*5% -> 0
A66: Faturamento | F66: Faturamento
A68: Compra | F68: Compra | H68: =G69*5% -> 0
A69: Faturamento | F69: Faturamento
A71: Compra | F71: Compra | H71: =G72*5% -> 0
A72: Faturamento | F72: Faturamento
A74: Compra | F74: Compra | H74: =G75*5% -> 0
A75: Faturamento | F75: Faturamento
A77: Compra | F77: Compra | H77: =G78*5% -> 0
A78: Faturamento | F78: Faturamento
A80: Compra | F80: Compra | H80: =G81*5% -> 0
A81: Faturamento | F81: Faturamento
A83: Compra | F83: Compra | H83: =G84*5% -> 0
A84: Faturamento | F84: Faturamento
A86: Compra | F86: Compra | H86: =G87*5% -> 0
A87: Faturamento | F87: Faturamento
A89: Compra | F89: Compra | H89: =G90*5% -> 0
A90: Faturamento | F90: Faturamento
F92: TOTAL VENDA | G92: =SUM(G90,G87,G84,G81,G78,G75,G72,G69,G66,G63,G60,G57,G54,G51,G48,G45,G42,G39,G36,G33,G30,G27,G24,G21,G18,G15,G12,G9,G6,G3) -> 0 | H92: TOTAL COMISSÃO
H93: =H2+H5+H8+H11+H14+H17+H20+H23+H26+H29+H32+H35+H38+H41+H44+H47+H50+H53+H56+H59+H62+H65+H68+H71+H74+H77+H80+H83+H86+H89 -> 0

Sheet IVANETE JATAI
A1: Data | C1: Fornecedor | D1: Pedido | E1: NFE | F1: Valor | H1: Comissão
A2: Compra | F2: Compra | H2: =G3*5% -> 0
A3: Faturamento | F3: Faturamento
J4: Voltar ao Inicio
A5: Compra | F5: Compra | H5: =G6*5% -> 0
A6: Faturamento | F6: Faturamento
A8: Compra | F8: Compra | H8: =G9*5% -> 0
A9: Faturamento | F9: Faturamento
A11: Compra | F11: Compra | H11: =G12*5% -> 0
A12: Faturamento | F12: Faturamento
A14: Compra | F14: Compra | H14: =G15*5% -> 0
A15: Faturamento | F15: Faturamento
A17: Compra | F17: Compra | H17: =G18*5% -> 0
A18: Faturamento | F18: Faturamento
A20: Compra | F20: Compra | H20: =G21*5% -> 0
A21: Faturamento | F21: Faturamento
A23: Compra | F23: Compra | H23: =G24*5% -> 0
A24: Faturamento | F24: Faturamento
A26: Compra | F26: Compra | H26: =G27*5% -> 0
A27: Faturamento | F27: Faturamento
A29: Compra | F29: Compra | H29: =G30*5% -> 0
A30: Faturamento | F30: Faturamento
A32: Compra | F32: Compra | H32: =G33*5% -> 0
A33: Faturamento | F33: Faturamento
A35: Compra | F35: Compra | H35: =G36*5% -> 0
A36: Faturamento | F36: Faturamento
A38: Compra | F38: Compra | H38: =G39*5% -> 0
A39: Faturamento | F39: Faturamento
A41: Compra | F41: Compra | H41: =G42*5% -> 0
A42: Faturamento | F42: Faturamento
A44: Compra | F44: Compra | H44: =G45*5% -> 0
A45: Faturamento | F45: Faturamento
A47: Compra | F47: Compra | H47: =G48*5% -> 0
A48: Faturamento | F48: Faturamento
A50: Compra | F50: Compra | H50: =G51*5% -> 0
A51: Faturamento | F51: Faturamento
A53: Compra | F53: Compra | H53: =G54*5% -> 0
A54: Faturamento | F54: Faturamento
A56: Compra | F56: Compra | H56: =G57*5% -> 0
A57: Faturamento | F57: Faturamento
A59: Compra | F59: Compra | H59: =G60*5% -> 0
A60: Faturamento | F60: Faturamento
A62: Compra | F62: Compra | H62: =G63*5% -> 0
A63: Faturamento | F63: Faturamento
A65: Compra | F65: Compra | H65: =G66*5% -> 0
A66: Faturamento | F66: Faturamento
A68: Compra | F68: Compra | H68: =G69*5% -> 0
A69: Faturamento | F69: Faturamento
A71: Compra | F71: Compra | H71: =G72*5% -> 0
A72: Faturamento | F72: Faturamento
A74: Compra | F74: Compra | H74: =G75*5% -> 0
A75: Faturamento | F75: Faturamento
A77: Compra | F77: Compra | H77: =G78*5% -> 0
A78: Faturamento | F78: Faturamento
A80: Compra | F80: Compra | H80: =G81*5% -> 0
A81: Faturamento | F81: Faturamento
A83: Compra | F83: Compra | H83: =G84*5% -> 0
A84: Faturamento | F84: Faturamento
A86: Compra | F86: Compra | H86: =G87*5% -> 0
A87: Faturamento | F87: Faturamento
A89: Compra | F89: Compra | H89: =G90*5% -> 0
A90: Faturamento | F90: Faturamento
F92: TOTAL VENDA | G92: =SUM(G90,G87,G84,G81,G78,G75,G72,G69,G66,G63,G60,G57,G54,G51,G48,G45,G42,G39,G36,G33,G30,G27,G24,G21,G18,G15,G12,G9,G6,G3) -> 0 | H92: TOTAL COMISSÃO
H93: =H2+H5+H8+H11+H14+H17+H20+H23+H26+H29+H32+H35+H38+H41+H44+H47+H50+H53+H56+H59+H62+H65+H68+H71+H74+H77+H80+H83+H86+H89 -> 0

Sheet FLAMBOYAN 
A1: Data | C1: Fornecedor | D1: Pedido | E1: NFE | F1: Valor | H1: Comissão
A2: Compra | F2: Compra | H2: =G3*5% -> 0
A3: Faturamento | F3: Faturamento
J4: Voltar ao Inicio
A5: Compra | F5: Compra | H5: =G6*10% -> 0
A6: Faturamento | F6: Faturamento
A8: Compra | F8: Compra | H8: =G9*7% -> 0
A9: Faturamento | F9: Faturamento
A11: Compra | F11: Compra | H11: =G12*5% -> 0
A12: Faturamento | F12: Faturamento
A14: Compra | F14: Compra | H14: =G15*5% -> 0
A15: Faturamento | F15: Faturamento
A17: Compra | F17: Compra | H17: =G18*5% -> 0
A18: Faturamento | F18: Faturamento
A20: Compra | F20: Compra | H20: =G21*5% -> 0
A21: Faturamento | F21: Faturamento
A23: Compra | F23: Compra | H23: =G24*5% -> 0
A24: Faturamento | F24: Faturamento
A26: Compra | F26: Compra | H26: =G27*5% -> 0
A27: Faturamento | F27: Faturamento
A29: Compra | F29: Compra | H29: =G30*6% -> 0
A30: Faturamento | F30: Faturamento
A32: Compra | F32: Compra | H32: =G33*5% -> 0
A33: Faturamento | F33: Faturamento
A35: Compra | F35: Compra | H35: =G36*4% -> 0
A36: Faturamento | F36: Faturamento
A38: Compra | F38: Compra | H38: =G39*5% -> 0
A39: Faturamento | F39: Faturamento
A41: Compra | F41: Compra | H41: =G42*5% -> 0
A42: Faturamento | F42: Faturamento
A44: Compra | F44: Compra | H44: =G45*5% -> 0
A45: Faturamento | F45: Faturamento
A47: Compra | F47: Compra | H47: =G48*4% -> 0
A48: Faturamento | F48: Faturamento
A50: Compra | F50: Compra | H50: =G51*2.5% -> 0
A51: Faturamento | F51: Faturamento
A53: Compra | F53: Compra | H53: =G54*2.5% -> 0
A54: Faturamento | F54: Faturamento
A56: Compra | F56: Compra | H56: =G57*5% -> 0
A57: Faturamento | F57: Faturamento
A59: Compra | F59: Compra | H59: =G60*5% -> 0
A60: Faturamento | F60: Faturamento
A62: Compra | F62: Compra | H62: =G63*5% -> 0
A63: Faturamento | F63: Faturamento
A65: Compra | F65: Compra | H65: =G66*2.5% -> 0
A66: Faturamento | F66: Faturamento
A68: Compra | F68: Compra | H68: =G69*5% -> 0
A69: Faturamento | F69: Faturamento
A71: Compra | F71: Compra | H71: =G72*5% -> 0
A72: Faturamento | F72: Faturamento
A74: Compra | F74: Compra | H74: =G75*2.5% -> 0
A75: Faturamento | F75: Faturamento
A77: Compra | F77: Compra | H77: =G78*2% -> 0
A78: Faturamento | F78: Faturamento
A80: Compra | F80: Compra | H80: =G81*2% -> 0
A81: Faturamento | F81: Faturamento
A83: Compra | F83: Compra | H83: =G84*5% -> 0
A84: Faturamento | F84: Faturamento
A86: Compra | F86: Compra | H86: =G87*5% -> 0
A87: Faturamento | F87: Faturamento
A89: Compra | F89: Compra | H89: =G90*5% -> 0
A90: Faturamento | F90: Faturamento
A92: Compra | F92: Compra | H92: =G93*5% -> 0
A93: Faturamento | F93: Faturamento
A95: Compra | F95: Compra | H95: =G96*5% -> 0
A96: Faturamento | F96: Faturamento
A98: Compra | F98: Compra | H98: =G99*5% -> 0
A99: Faturamento | F99: Faturamento
A101: Compra | F101: Compra | H101: =G102*5% -> 0
A102: Faturamento | F102: Faturamento
A104: Compra | F104: Compra | H104: =G105*5% -> 0
A105: Faturamento | F105: Faturamento
A107: Compra | F107: Compra | H107: =G108*5% -> 0
A108: Faturamento | F108: Faturamento
A110: Compra | F110: Compra | H110: =G111*5% -> 0
A111: Faturamento | F111: Faturamento
A113: Compra | F113: Compra | H113: =G114*5% -> 0
A114: Faturamento | F114: Faturamento
A116: Compra | F116: Compra | H116: =G117*5% -> 0
A117: Faturamento | F117: Faturamento
A119: Compra | F119: Compra | H119: =G120*5% -> 0
A120: Faturamento | F120: Faturamento
A122: Compra | F122: Compra | H122: =G123*5% -> 0
A123: Faturamento | F123: Faturamento
A125: Compra | F125: Compra | H125: =G126*5% -> 0
A126: Faturamento | F126: Faturamento
A128: Compra | F128: Compra | H128: =G129*5% -> 0
A129: Faturamento | F129: Faturamento
F131: TOTAL VENDA | G131: =G3+G6+G9+G12+G15+G18+G21+G24+G27+G30+G33+G36+G39+G42+G45+G48+G51+G54+G57+G60+G63+G66+G69+G72+G75+G78+G81+G84+G87+G90+G93+G96+G99+G102+G105+G108+G111+G114+G117+G120+G123+G126+G129 -> 0 | H131: TOTAL COMISSÃO
H132: =H41+H44+H47+H50+H53+H56+H59+H62+H65+H68+H71+H74+H77+H80+H83+H86+H89+H92+H95+H98+H101+H104+H107+H110+H113+H116+H119+H122+H125+H128+H38+H35+H32+H29+H26+H23+H20+H17+H14+H11+H8+H5+H2 -> 0

Sheet W SU
A1: Data | C1: Fornecedor | D1: Pedido | E1: NFE | F1: Valor | H1: Comissão
A2: Compra | F2: Compra | H2: =G3*5% -> 0
A3: Faturamento | F3: Faturamento
J4: Voltar ao Inicio
A5: Compra | F5: Compra | H5: =G6*5% -> 0
A6: Faturamento | F6: Faturamento
A8: Compra | F8: Compra | H8: =G9*5% -> 0
A9: Faturamento | F9: Faturamento
A11: Compra | F11: Compra | H11: =G12*5% -> 0
A12: Faturamento | F12: Faturamento
A14: Compra | F14: Compra | H14: =G15*5% -> 0
A15: Faturamento | F15: Faturamento
A17: Compra | F17: Compra | H17: =G18*5% -> 0
A18: Faturamento | F18: Faturamento
A19: 0
A20: Compra | F20: Compra | H20: =G21*5% -> 0
A21: Faturamento | F21: Faturamento
A23: Compra | F23: Compra | H23: =G24*5% -> 0
A24: Faturamento | F24: Faturamento
A26: Compra | F26: Compra | H26: =G27*5% -> 0
A27: Faturamento | F27: Faturamento
A29: Compra | F29: Compra | H29: =G30*5% -> 0
A30: Faturamento | F30: Faturamento
A32: Compra | F32: Compra | H32: =G33*5% -> 0
A33: Faturamento | F33: Faturamento
A35: Compra | F35: Compra | H35: =G36*5% -> 0
A36: Faturamento | F36: Faturamento
A38: Compra | F38: Compra | H38: =G39*5% -> 0
A39: Faturamento | F39: Faturamento
A41: Compra | F41: Compra | H41: =G42*5% -> 0
A42: Faturamento | F42: Faturamento
A44: Compra | F44: Compra | H44: =G45*5% -> 0
A45: Faturamento | F45: Faturamento
A47: Compra | F47: Compra | H47: =G48*5% -> 0
A48: Faturamento | F48: Faturamento
A50: Compra | F50: Compra | H50: =G51*5% -> 0
A51: Faturamento | F51: Faturamento
A53: Compra | F53: Compra | H53: =G54*5% -> 0
A54: Faturamento | F54: Faturamento
A56: Compra | F56: Compra | H56: =G57*5% -> 0
A57: Faturamento | F57: Faturamento
A59: Compra | F59: Compra | H59: =G60*5% -> 0
A60: Faturamento | F60: Faturamento
A62: Compra | F62: Compra | H62: =G63*5% -> 0
A63: Faturamento | F63: Faturamento
A65: Compra | F65: Compra | H65: =G66*5% -> 0
A66: Faturamento | F66: Faturamento
A68: Compra | F68: Compra | H68: =G69*5% -> 0
A69: Faturamento | F69: Faturamento
A71: Compra | F71: Compra | H71: =G72*5% -> 0
A72: Faturamento | F72: Faturamento
A74: Compra | F74: Compra | H74: =G75*5% -> 0
A75: Faturamento | F75: Faturamento
A77: Compra | F77: Compra | H77: =G78*5% -> 0
A78: Faturamento | F78: Faturamento
A80: Compra | F80: Compra | H80: =G81*5% -> 0
A81: Faturamento | F81: Faturamento
A83: Compra | F83: Compra | H83: =G84*5% -> 0
A84: Faturamento | F84: Faturamento
A86: Compra | F86: Compra | H86: =G87*5% -> 0
A87: Faturamento | F87: Faturamento
A89: Compra | F89: Compra | H89: =G90*5% -> 0
A90: Faturamento | F90: Faturamento
F92: TOTAL VENDA | G92: =SUM(G90,G87,G84,G81,G78,G75,G72,G69,G66,G63,G60,G57,G54,G51,G48,G45,G42,G39,G36,G33,G30,G27,G24,G21,G18,G15,G12,G9,G6,G3) -> 0 | H92: TOTAL COMISSÃO
H93: =H2+H5+H8+H11+H14+H17+H20+H23+H26+H29+H32+H35+H38+H41+H44+H47+H50+H53+H56+H59+H62+H65+H68+H71+H74+H77+H80+H83+H86+H89 -> 0

Sheet MAIS QUE MAKE AÇAILANDIA
A1: Data | C1: Fornecedor | D1: Pedido | E1: NFE | F1: Valor | H1: Comissão
A2: Compra | F2: Compra | H2: =G3*5% -> 0
A3: Faturamento | F3: Faturamento
J4: Voltar ao Inicio
A5: Compra | F5: Compra | H5: =G6*3% -> 0
A6: Faturamento | F6: Faturamento
A8: Compra | F8: Compra | H8: =G9*5% -> 0
A9: Faturamento | F9: Faturamento
A11: Compra | F11: Compra | H11: =G12*5% -> 0
A12: Faturamento | F12: Faturamento
A14: Compra | F14: Compra | H14: =G15*5% -> 0
A15: Faturamento | F15: Faturamento
A17: Compra | F17: Compra | H17: =G18*5% -> 0
A18: Faturamento | F18: Faturamento
A20: Compra | F20: Compra | H20: =G21*5% -> 0
A21: Faturamento | F21: Faturamento
A23: Compra | F23: Compra | H23: =G24*5% -> 0
A24: Faturamento | F24: Faturamento
A26: Compra | F26: Compra | H26: =G27*5% -> 0
A27: Faturamento | F27: Faturamento
A29: Compra | F29: Compra | H29: =G30*5% -> 0
A30: Faturamento | F30: Faturamento
A32: Compra | F32: Compra | H32: =G33*5% -> 0
A33: Faturamento | F33: Faturamento
A35: Compra | F35: Compra | H35: =G36*6% -> 0
A36: Faturamento | F36: Faturamento
A38: Compra | F38: Compra | H38: =G39*5% -> 0
A39: Faturamento | F39: Faturamento
A41: Compra | F41: Compra | H41: =G42*5% -> 0
A42: Faturamento | F42: Faturamento
A44: Compra | F44: Compra | H44: =G45*5% -> 0
A45: Faturamento | F45: Faturamento
A47: Compra | F47: Compra | H47: =G48*5% -> 0
A48: Faturamento | F48: Faturamento
A50: Compra | F50: Compra | H50: =G51*5% -> 0
A51: Faturamento | F51: Faturamento
A53: Compra | F53: Compra | H53: =G54*5% -> 0
A54: Faturamento | F54: Faturamento
A56: Compra | F56: Compra | H56: =G57*5% -> 0
A57: Faturamento | F57: Faturamento
A59: Compra | F59: Compra | H59: =G60*5% -> 0
A60: Faturamento | F60: Faturamento
A62: Compra | F62: Compra | H62: =G63*5% -> 0
A63: Faturamento | F63: Faturamento
A65: Compra | F65: Compra | H65: =G66*5% -> 0
A66: Faturamento | F66: Faturamento
A68: Compra | F68: Compra | H68: =G69*5% -> 0
A69: Faturamento | F69: Faturamento
A71: Compra | F71: Compra | H71: =G72*5% -> 0
A72: Faturamento | F72: Faturamento
A74: Compra | F74: Compra | H74: =G75*5% -> 0
A75: Faturamento | F75: Faturamento
A77: Compra | F77: Compra | H77: =G78*5% -> 0
A78: Faturamento | F78: Faturamento
A80: Compra | F80: Compra | H80: =G81*5% -> 0
A81: Faturamento | F81: Faturamento
A83: Compra | F83: Compra | H83: =G84*5% -> 0
A84: Faturamento | F84: Faturamento
A86: Compra | F86: Compra | H86: =G87*5% -> 0
A87: Faturamento | F87: Faturamento
A89: Compra | F89: Compra | H89: =G90*5% -> 0
A90: Faturamento | F90: Faturamento
F92: TOTAL VENDA | G92: =SUM(G90,G87,G84,G81,G78,G75,G72,G69,G66,G63,G60,G57,G54,G51,G48,G45,G42,G39,G36,G33,G30,G27,G24,G21,G18,G15,G12,G9,G6,G3) -> 0 | H92: TOTAL COMISSÃO
H93: =H2+H5+H8+H11+H14+H17+H20+H23+H26+H29+H32+H35+H38+H41+H44+H47+H50+H53+H56+H59+H62+H65+H68+H71+H74+H77+H80+H83+H86+H89 -> 0

Sheet MAIS QUE MAKE SANTAREM BIJU
A1: Data | C1: Fornecedor | D1: Pedido | E1: NFE | F1: Valor | H1: Comissão
A2: Compra | F2: Compra | H2: =G3*5% -> 0
A3: Faturamento | F3: Faturamento
J4: Voltar ao Inicio
A5: Compra | F5: Compra | H5: =G6*5% -> 0
A6: Faturamento | F6: Faturamento
A8: Compra | F8: Compra | H8: =G9*5% -> 0
A9: Faturamento | F9: Faturamento
A11: Compra | F11: Compra | H11: =G12*5% -> 0
A12: Faturamento | F12: Faturamento
A14: Compra | F14: Compra | H14: =G15*5% -> 0
A15: Faturamento | F15: Faturamento
A17: Compra | F17: Compra | H17: =G18*5% -> 0
A18: Faturamento | F18: Faturamento
A20: Compra | F20: Compra | H20: =G21*5% -> 0
A21: Faturamento | F21: Faturamento
A23: Compra | F23: Compra | H23: =G24*5% -> 0
A24: Faturamento | F24: Faturamento
A26: Compra | F26: Compra | H26: =G27*5% -> 0
A27: Faturamento | F27: Faturamento
A29: Compra | F29: Compra | H29: =G30*5% -> 0
A30: Faturamento | F30: Faturamento
A32: Compra | F32: Compra | H32: =G33*5% -> 0
A33: Faturamento | F33: Faturamento
A35: Compra | F35: Compra | H35: =G36*5% -> 0
A36: Faturamento | F36: Faturamento
A38: Compra | F38: Compra | H38: =G39*5% -> 0
A39: Faturamento | F39: Faturamento
A41: Compra | F41: Compra | H41: =G42*6% -> 0
A42: Faturamento | F42: Faturamento
A44: Compra | F44: Compra | H44: =G45*5% -> 0
A45: Faturamento | F45: Faturamento
A47: Compra | F47: Compra | H47: =G48*5% -> 0
A48: Faturamento | F48: Faturamento
A50: Compra | F50: Compra | H50: =G51*5% -> 0
A51: Faturamento | F51: Faturamento
A53: Compra | F53: Compra | H53: =G54*5% -> 0
A54: Faturamento | F54: Faturamento
A56: Compra | F56: Compra | H56: =G57*5% -> 0
A57: Faturamento | F57: Faturamento
A59: Compra | F59: Compra | H59: =G60*5% -> 0
A60: Faturamento | F60: Faturamento
A62: Compra | F62: Compra | H62: =G63*5% -> 0
A63: Faturamento | F63: Faturamento
A65: Compra | F65: Compra | H65: =G66*5% -> 0
A66: Faturamento | F66: Faturamento
A68: Compra | F68: Compra | H68: =G69*5% -> 0
A69: Faturamento | F69: Faturamento
A71: Compra | F71: Compra | H71: =G72*5% -> 0
A72: Faturamento | F72: Faturamento
A74: Compra | F74: Compra | H74: =G75*5% -> 0
A75: Faturamento | F75: Faturamento
A77: Compra | F77: Compra | H77: =G78*5% -> 0
A78: Faturamento | F78: Faturamento
A80: Compra | F80: Compra | H80: =G81*5% -> 0
A81: Faturamento | F81: Faturamento
A83: Compra | F83: Compra | H83: =G84*5% -> 0
A84: Faturamento | F84: Faturamento
A86: Compra | F86: Compra | H86: =G87*5% -> 0
A87: Faturamento | F87: Faturamento
A89: Compra | F89: Compra | H89: =G90*5% -> 0
A90: Faturamento | F90: Faturamento
F92: TOTAL VENDA | G92: =SUM(G90,G87,G84,G81,G78,G75,G72,G69,G66,G63,G60,G57,G54,G51,G48,G45,G42,G39,G36,G33,G30,G27,G24,G21,G18,G15,G12,G9,G6,G3) -> 0 | H92: TOTAL COMISSÃO
H93: =H2+H5+H8+H11+H14+H17+H20+H23+H26+H29+H32+H35+H38+H41+H44+H47+H50+H53+H56+H59+H62+H65+H68+H71+H74+H77+H80+H83+H86+H89 -> 0

Sheet MAIS QUE MAKE VARZEA GRANDE
A1: Data | C1: Fornecedor | D1: Pedido | E1: NFE | F1: Valor | H1: Comissão
A2: Compra | F2: Compra | H2: =G3*5% -> 0
A3: Faturamento | F3: Faturamento
J4: Voltar ao Inicio
A5: Compra | F5: Compra | H5: =G6*5% -> 0
A6: Faturamento | F6: Faturamento
A8: Compra | F8: Compra | H8: =G9*3% -> 0
A9: Faturamento | F9: Faturamento
A11: Compra | F11: Compra | H11: =G12*5% -> 0
A12: Faturamento | F12: Faturamento
A14: Compra | F14: Compra | H14: =G15*5% -> 0
A15: Faturamento | F15: Faturamento
A17: Compra | F17: Compra | H17: =G18*5% -> 0
A18: Faturamento | F18: Faturamento
A20: Compra | F20: Compra | H20: =G21*5% -> 0
A21: Faturamento | F21: Faturamento
A23: Compra | F23: Compra | H23: =G24*5% -> 0
A24: Faturamento | F24: Faturamento
A26: Compra | F26: Compra | H26: =G27*5% -> 0
A27: Faturamento | F27: Faturamento
A29: Compra | F29: Compra | H29: =G30*6% -> 0
A30: Faturamento | F30: Faturamento
A32: Compra | F32: Compra | H32: =G33*5% -> 0
A33: Faturamento | F33: Faturamento
A35: Compra | F35: Compra | H35: =G36*5% -> 0
A36: Faturamento | F36: Faturamento
A38: Compra | F38: Compra | H38: =G39*5% -> 0
A39: Faturamento | F39: Faturamento
A41: Compra | F41: Compra | H41: =G42*5% -> 0
A42: Faturamento | F42: Faturamento
A44: Compra | F44: Compra | H44: =G45*5% -> 0
A45: Faturamento | F45: Faturamento
A47: Compra | F47: Compra | H47: =G48*5% -> 0
A48: Faturamento | F48: Faturamento
A50: Compra | F50: Compra | H50: =G51*5% -> 0
A51: Faturamento | F51: Faturamento
A53: Compra | F53: Compra | H53: =G54*5% -> 0
A54: Faturamento | F54: Faturamento
A56: Compra | F56: Compra | H56: =G57*5% -> 0
A57: Faturamento | F57: Faturamento
A59: Compra | F59: Compra | H59: =G60*5% -> 0
A60: Faturamento | F60: Faturamento
A62: Compra | F62: Compra | H62: =G63*5% -> 0
A63: Faturamento | F63: Faturamento
A65: Compra | F65: Compra | H65: =G66*5% -> 0
A66: Faturamento | F66: Faturamento
A68: Compra | F68: Compra | H68: =G69*5% -> 0
A69: Faturamento | F69: Faturamento
A71: Compra | F71: Compra | H71: =G72*5% -> 0
A72: Faturamento | F72: Faturamento
A74: Compra | F74: Compra | H74: =G75*5% -> 0
A75: Faturamento | F75: Faturamento
A77: Compra | F77: Compra | H77: =G78*5% -> 0
A78: Faturamento | F78: Faturamento
A80: Compra | F80: Compra | H80: =G81*5% -> 0
A81: Faturamento | F81: Faturamento
A83: Compra | F83: Compra | H83: =G84*5% -> 0
A84: Faturamento | F84: Faturamento
A86: Compra | F86: Compra | H86: =G87*5% -> 0
A87: Faturamento | F87: Faturamento
A89: Compra | F89: Compra | H89: =G90*5% -> 0
A90: Faturamento | F90: Faturamento
F92: TOTAL VENDA | G92: =SUM(G90,G87,G84,G81,G78,G75,G72,G69,G66,G63,G60,G57,G54,G51,G48,G45,G42,G39,G36,G33,G30,G27,G24,G21,G18,G15,G12,G9,G6,G3) -> 0 | H92: TOTAL COMISSÃO
H93: =H2+H5+H8+H11+H14+H17+H20+H23+H26+H29+H32+H35+H38+H41+H44+H47+H50+H53+H56+H59+H62+H65+H68+H71+H74+H77+H80+H83+H86+H89 -> 0

Sheet MAIS QUE MAKE PARAUPEBAS
A1: Data | C1: Fornecedor | D1: Pedido | E1: NFE | F1: Valor | H1: Comissão
A2: Compra | F2: Compra | H2: =G3*5% -> 0
A3: Faturamento | F3: Faturamento
J4: Voltar ao Inicio
A5: Compra | F5: Compra | H5: =G6*5% -> 0
A6: Faturamento | F6: Faturamento
A8: Compra | F8: Compra | H8: =G9*3% -> 0
A9: Faturamento | F9: Faturamento
A11: Compra | F11: Compra | H11: =G12*5% -> 0
A12: Faturamento | F12: Faturamento
A14: Compra | F14: Compra | H14: =G15*5% -> 0
A15: Faturamento | F15: Faturamento
A17: Compra | F17: Compra | H17: =G18*5% -> 0
A18: Faturamento | F18: Faturamento
A20: Compra | F20: Compra | H20: =G21*5% -> 0
A21: Faturamento | F21: Faturamento
A23: Compra | F23: Compra | H23: =G24*5% -> 0
A24: Faturamento | F24: Faturamento
A26: Compra | F26: Compra | H26: =G27*5% -> 0
A27: Faturamento | F27: Faturamento
A29: Compra | F29: Compra | H29: =G30*5% -> 0
A30: Faturamento | F30: Faturamento
A32: Compra | F32: Compra | H32: =G33*5% -> 0
A33: Faturamento | F33: Faturamento
A35: Compra | F35: Compra | H35: =G36*5% -> 0
A36: Faturamento | F36: Faturamento
A38: Compra | F38: Compra | H38: =G39*6% -> 0
A39: Faturamento | F39: Faturamento
A41: Compra | F41: Compra | H41: =G42*5% -> 0
A42: Faturamento | F42: Faturamento
A44: Compra | F44: Compra | H44: =G45*5% -> 0
A45: Faturamento | F45: Faturamento
A47: Compra | F47: Compra | H47: =G48*5% -> 0
A48: Faturamento | F48: Faturamento
A50: Compra | F50: Compra | H50: =G51*5% -> 0
A51: Faturamento | F51: Faturamento
A53: Compra | F53: Compra | H53: =G54*5% -> 0
A54: Faturamento | F54: Faturamento
A56: Compra | F56: Compra | H56: =G57*5% -> 0
A57: Faturamento | F57: Faturamento
A59: Compra | F59: Compra | H59: =G60*5% -> 0
A60: Faturamento | F60: Faturamento
A62: Compra | F62: Compra | H62: =G63*5% -> 0
A63: Faturamento | F63: Faturamento
A65: Compra | F65: Compra | H65: =G66*5% -> 0
A66: Faturamento | F66: Faturamento
A68: Compra | F68: Compra | H68: =G69*5% -> 0
A69: Faturamento | F69: Faturamento
A71: Compra | F71: Compra | H71: =G72*5% -> 0
A72: Faturamento | F72: Faturamento
A74: Compra | F74: Compra | H74: =G75*5% -> 0
A75: Faturamento | F75: Faturamento
A77: Compra | F77: Compra | H77: =G78*5% -> 0
A78: Faturamento | F78: Faturamento
A80: Compra | F80: Compra | H80: =G81*5% -> 0
A81: Faturamento | F81: Faturamento
A83: Compra | F83: Compra | H83: =G84*5% -> 0
A84: Faturamento | F84: Faturamento
A86: Compra | F86: Compra | H86: =G87*5% -> 0
A87: Faturamento | F87: Faturamento
A89: Compra | F89: Compra | H89: =G90*5% -> 0
A90: Faturamento | F90: Faturamento
F92: TOTAL VENDA | G92: =SUM(G90,G87,G84,G81,G78,G75,G72,G69,G66,G63,G60,G57,G54,G51,G48,G45,G42,G39,G36,G33,G30,G27,G24,G21,G18,G15,G12,G9,G6,G3) -> 0 | H92: TOTAL COMISSÃO
H93: =H2+H5+H8+H11+H14+H17+H20+H23+H26+H29+H32+H35+H38+H41+H44+H47+H50+H53+H56+H59+H62+H65+H68+H71+H74+H77+H80+H83+H86+H89 -> 0

Sheet MAIS QUE MAKE MARABÁ
A1: Data | C1: Fornecedor | D1: Pedido | E1: NFE | F1: Valor | H1: Comissão
A2: Compra | F2: Compra | H2: =G3*5% -> 0
A3: Faturamento | F3: Faturamento
J4: Voltar ao Inicio
A5: Compra | F5: Compra | H5: =G6*5% -> 0
A6: Faturamento | F6: Faturamento
A8: Compra | F8: Compra | H8: =G9*3% -> 0
A9: Faturamento | F9: Faturamento
A11: Compra | F11: Compra | H11: =G12*5% -> 0
A12: Faturamento | F12: Faturamento
A14: Compra | F14: Compra | H14: =G15*5% -> 0
A15: Faturamento | F15: Faturamento
A17: Compra | F17: Compra | H17: =G18*5% -> 0
A18: Faturamento | F18: Faturamento
A20: Compra | F20: Compra | H20: =G21*5% -> 0
A21: Faturamento | F21: Faturamento
A23: Compra | F23: Compra | H23: =G24*5% -> 0
A24: Faturamento | F24: Faturamento
A26: Compra | F26: Compra | H26: =G27*5% -> 0
A27: Faturamento | F27: Faturamento
A29: Compra | F29: Compra | H29: =G30*5% -> 0
A30: Faturamento | F30: Faturamento
A32: Compra | F32: Compra | H32: =G33*5% -> 0
A33: Faturamento | F33: Faturamento
A35: Compra | F35: Compra | H35: =G36*5% -> 0
A36: Faturamento | F36: Faturamento
A38: Compra | F38: Compra | H38: =G39*6% -> 0
A39: Faturamento | F39: Faturamento
A41: Compra | F41: Compra | H41: =G42*5% -> 0
A42: Faturamento | F42: Faturamento
A44: Compra | F44: Compra | H44: =G45*5% -> 0
A45: Faturamento | F45: Faturamento
A47: Compra | F47: Compra | H47: =G48*5% -> 0
A48: Faturamento | F48: Faturamento
A50: Compra | F50: Compra | H50: =G51*5% -> 0
A51: Faturamento | F51: Faturamento
A53: Compra | F53: Compra | H53: =G54*5% -> 0
A54: Faturamento | F54: Faturamento
A56: Compra | F56: Compra | H56: =G57*5% -> 0
A57: Faturamento | F57: Faturamento
A59: Compra | F59: Compra | H59: =G60*5% -> 0
A60: Faturamento | F60: Faturamento
A62: Compra | F62: Compra | H62: =G63*5% -> 0
A63: Faturamento | F63: Faturamento
A65: Compra | F65: Compra | H65: =G66*5% -> 0
A66: Faturamento | F66: Faturamento
A68: Compra | F68: Compra | H68: =G69*5% -> 0
A69: Faturamento | F69: Faturamento
A71: Compra | F71: Compra | H71: =G72*5% -> 0
A72: Faturamento | F72: Faturamento
A74: Compra | F74: Compra | H74: =G75*5% -> 0
A75: Faturamento | F75: Faturamento
A77: Compra | F77: Compra | H77: =G78*5% -> 0
A78: Faturamento | F78: Faturamento
A80: Compra | F80: Compra | H80: =G81*5% -> 0
A81: Faturamento | F81: Faturamento
A83: Compra | F83: Compra | H83: =G84*5% -> 0
A84: Faturamento | F84: Faturamento
